business_name,address,phone_number,email,city,state,zip_code_postcode,website,description,latitude,longitude,ticker_symbol,kindex_score,is_black_owned,business_location,category,hero_image,owner_name,is_premium,tier_level,is_ecommerce,is_veteran,subscription_tier,marketing_generations_used,is_priority_pinned,is_claimed,kindex_velocity,ar_asset_url,is_ar_enabled,has_flash_beacon,loi_signed,marketing_tier,doordash_url,ubereats_url,grubhub_url,is_delivery_eligible,firestore_location,search_keywords,is_farmer,is_wholesale,is_retail,is_verified,review_count,interaction_count,total_sentiment_score
Rollin' Smoke BBQ,"200 S Main St, Anthony, TX 79821",9158868636,,Anthony,Texas,79821,https://www.facebook.com/RollinSmokeTipOfTexasBBQ915,,31.9997541,-106.6061502,ROLL,500,FALSE,"31.9997541, -106.6061502",Barbecue restaurant,,,FALSE,,,,Free,,,,0,,,,,,,,,,"31.9997541, -106.6061502",,FALSE,FALSE,FALSE,FALSE,0,0,0
Blessed Barber Studio West El Paso,"7049A S Desert Blvd #111, Canutillo, TX 79835",9159997092,,Canutillo,Texas,79835,,,31.9105746,-106.5847354,BLES,500,FALSE,"31.9105746, -106.5847354",Barber shop,,,FALSE,,FALSE,FALSE,Free,3,FALSE,FALSE,0,,FALSE,FALSE,FALSE,basic,,,,FALSE,"31.9105746, -106.5847354",,FALSE,FALSE,FALSE,FALSE,0,0,0
TIPPI TEAS,"5034 Doniphan Dr, El Paso, TX 79932",9152391650,,El Paso,Texas,79932,http://www.tippiteas.com/,,31.842839,-106.580135,TIPP,500,FALSE,"31.842839, -106.580135",Health food store,,,FALSE,,,,Free,,,,0,,,,,,,,,,"31.842839, -106.580135",,FALSE,FALSE,FALSE,FALSE,0,0,0
Aura Beauty Inc,"7451 Paseo Del Norte Ste B-3, El Paso, TX 79911",9156159839,,El Paso,Texas,79911,http://aurabeautyinc.com/,,31.8870326,-106.5681459,AURA,500,FALSE,"31.8870326, -106.5681459",Eyebrow bar,,,FALSE,,TRUE,FALSE,Free,3,FALSE,FALSE,0,,FALSE,FALSE,FALSE,basic,,,,FALSE,"31.8870326, -106.5681459",,FALSE,FALSE,FALSE,FALSE,0,0,0
Famous Dave's Bar-B-Que,"7501 N Mesa St, El Paso, TX 79912",9157605355,,El Paso,Texas,79912,https://www.famousdaves.com/El-Paso,Outlet of a BBQ chain serving wood-smoked meats & sides in an American West-themed space.,31.837773,-106.564452,FAMO,500,FALSE,"31.837773, -106.564452",Barbecue restaurant,,,FALSE,,,,Free,,,,0,,,,,,,,,,"31.837773, -106.564452",,FALSE,FALSE,FALSE,FALSE,0,0,0
Golden Corral Buffet & Grill,"7420 N Mesa St, El Paso, TX 79912",9158338337,,El Paso,Texas,79912,https://www.goldencorral.com/locations/538/golden-corral-mesa-street?utm_source=google&utm_medium=local&utm_campaign=localmaps&utm_content=538,"Family-friendly buffet chain featuring all-you-can-eat American fare, plus salad & dessert bars.",31.8381721,-106.5600825,GOLD,500,FALSE,"31.8381721, -106.5600825",Buffet restaurant,,,FALSE,,,,Free,,,,0,,,,,,,,,,"31.8381721, -106.5600825",,FALSE,FALSE,FALSE,FALSE,0,0,0
McAlister's Deli,"7040 N Mesa St, El Paso, TX 79912",9156420388,,El Paso,Texas,79912,https://locations.mcalistersdeli.com/tx/el-paso/7040-n-mesa-st?utm_source=google&utm_medium=organic&utm_campaign=locations_partner,"Easygoing counter-service chain known for its sandwiches, stuffed baked potatoes & sweet tea.",31.8365451,-106.5522844,MCAL,500,FALSE,"31.8365451, -106.5522844",Sandwich shop,,,FALSE,,,,Free,,,,0,,,,,,,,,,"31.8365451, -106.5522844",,FALSE,FALSE,FALSE,FALSE,0,0,0
Pokeworks,"6951 N Mesa St, El Paso, TX 79912",9152342550,,El Paso,Texas,79912,http://www.pokeworks.com/,,31.8350019,-106.5488456,POKE,500,FALSE,"31.8350019, -106.5488456",Poke bar,,,FALSE,,,,Free,,,,0,,,,,,,,,,"31.8350019, -106.5488456",,FALSE,FALSE,FALSE,FALSE,0,0,0
Luxor Salon & Barber Co.,"750 Sunland Park Dr, El Paso, TX 79912",9153304108,,El Paso,Texas,79912,https://booksy.com/en-us/1246611_luxor-salon-barber-co_professional-services_36604_el-paso#ba_s=sh_1,,31.8140811,-106.5443006,LUXO,500,FALSE,"31.8140811, -106.5443006",Barber shop,,,FALSE,,,,Free,,,,0,,,,,,,,,,"31.8140811, -106.5443006",,FALSE,FALSE,FALSE,FALSE,0,0,0
Monty’s Beauty Salon,"6633 N Mesa St Suite 210, El Paso, TX 79912",9153215474,,El Paso,Texas,79912,https://square.site/book/B3RCF1YDVX0WV/l-m-beauty-el-paso-tx,,31.8333745,-106.5414187,MONT,500,FALSE,"31.8333745, -106.5414187",Hair salon,,,FALSE,,,,Free,,,,0,,,,,,,,,,"31.8333745, -106.5414187",,FALSE,FALSE,FALSE,FALSE,0,0,0
Peter's German Grill & Bakery,"255 Shadow Mountain Dr, El Paso, TX 79912",9152645784,,El Paso,Texas,79912,https://peterschimkus.wixsite.com/germangrillandbakery,"Compact, counter-serve locale offering traditional German dishes, breads, cakes & desserts.",31.8328583,-106.5265527,PETE,500,FALSE,"31.8328583, -106.5265527",German restaurant,,,FALSE,,,,Free,,,,0,,,,,,,,,,"31.8328583, -106.5265527",,FALSE,FALSE,FALSE,FALSE,0,0,0
Topgolf El Paso,"365 Vin Rambla Dr, El Paso, TX 79912",9158459028,,El Paso,Texas,79912,https://topgolf.com/us/el-paso/,Sprawling entertainment venue with a high-tech driving range & swanky lounge with drinks & games.,31.8107961,-106.5250411,TOPG,500,FALSE,"31.8107961, -106.5250411",Restaurant,,,FALSE,,,,Free,,,,0,,,,,,,,,,"31.8107961, -106.5250411",,FALSE,FALSE,FALSE,FALSE,0,0,0
Nicholas Reyes Hair Salon,"5860 N Mesa St Ste 105, El Paso, TX 79912",9155049269,,El Paso,Texas,79912,http://nicholasreyeshair.com/,,31.8264933,-106.5238367,NICH,500,FALSE,"31.8264933, -106.5238367",Hair salon,,,FALSE,,,,Free,,,,0,,,,,,,,,,"31.8264933, -106.5238367",,FALSE,FALSE,FALSE,FALSE,0,0,0
Wake and Bake,"5001 N Mesa St Bldg 2 Suite A, El Paso, TX 79912",9153048269,,El Paso,Texas,79912,http://www.wakebakeelpaso.com/,,31.8119696,-106.5129086,WAKE,500,FALSE,"31.8119696, -106.5129086",Coffee shop,,,FALSE,,,,Free,,,,0,,,,,,,,,,"31.8119696, -106.5129086",,FALSE,FALSE,FALSE,FALSE,0,0,0
The Hoppy Monk,"4141 N Mesa St, El Paso, TX 79902",9153073263,,El Paso,Texas,79902,http://www.thehoppymonk.com/elpaso,"Upbeat bar with a huge selection of beers on tap, plus elevated, globally inspired pub food.",31.79248,-106.5088015,HOPP,500,FALSE,"31.79248, -106.5088015",Restaurant,,,FALSE,,,,Free,,,,0,,,,,,,,,,"31.79248, -106.5088015",,FALSE,FALSE,FALSE,FALSE,0,0,0
Crave Kitchen & Bar,"300 Cincinnati Ave, El Paso, TX 79902",9153513677,,El Paso,Texas,79902,http://cravekitchenandbar.com/,"Cozy, brick-walled American bistro serving upscale comfort food for breakfast, lunch & dinner.",31.7773967,-106.5018591,CRAV,500,FALSE,"31.7773967, -106.5018591",Breakfast restaurant,,,FALSE,,FALSE,FALSE,Free,3,FALSE,FALSE,0,,FALSE,FALSE,FALSE,basic,,,,FALSE,"31.7773967, -106.5018591",,FALSE,FALSE,FALSE,FALSE,0,0,0
Savage Goods,"1201 N Oregon St, El Paso, TX 79902",9153834765,,El Paso,Texas,79902,http://savagegoods.com/,,31.7653917,-106.4947333,SAVA,500,FALSE,"31.7653917, -106.4947333",Cafe,,,FALSE,,,,Free,,,,0,,,,,,,,,,"31.7653917, -106.4947333",,FALSE,FALSE,FALSE,FALSE,0,0,0
Anson 11,"303 N Oregon St, El Paso, TX 79901",9155046400,,El Paso,Texas,79901,http://anson11.com/,"Modern restaurant & bar serving artisan pizzas, steaks, pasta & more in the Anson Mills Building.",31.7590927,-106.4888696,ANSO,500,FALSE,"31.7590927, -106.4888696",Restaurant,,,FALSE,,FALSE,FALSE,Free,3,FALSE,FALSE,0,,FALSE,FALSE,FALSE,basic,,,,FALSE,"31.7590927, -106.4888696",,FALSE,FALSE,FALSE,FALSE,0,0,0
SK Cosmetics & Beauty Supply,"210 E San Antonio Ave, El Paso, TX 79901",9153511999,,El Paso,Texas,79901,https://www.instagram.com/skcosmetics.beautysupply,,31.7579967,-106.4874883,SKCO,500,FALSE,"31.7579967, -106.4874883",Beauty supply store,,,FALSE,,,,Free,,,,0,,,,,,,,,,"31.7579967, -106.4874883",,FALSE,FALSE,FALSE,FALSE,0,0,0
Mamacitas,"325 N Kansas St, El Paso, TX 79901",9155325205,,El Paso,Texas,79901,https://www.mamacitasdowntown.com/,Trendy restaurant with vintage furnishings offering Mexican-inspired dishes & cocktails.,31.761064,-106.486722,MAMA,500,FALSE,"31.761064, -106.486722",Restaurant,,,FALSE,,,,Free,,,,0,,,,,,,,,,"31.761064, -106.486722",,FALSE,FALSE,FALSE,FALSE,0,0,0
Mac's Downtown,"315 E Mills Ave, El Paso, TX 79901",9155338100,,El Paso,Texas,79901,http://macsdowntownelpaso.com/,,31.7605984,-106.4864367,MAC',500,FALSE,"31.7605984, -106.4864367",Seafood restaurant,,,FALSE,,,,Free,,,,0,,,,,,,,,,"31.7605984, -106.4864367",,FALSE,FALSE,FALSE,FALSE,0,0,0
Broken Rules Brewing,"1301 Texas Ave Ste A, El Paso, TX 79901",9152974733,,El Paso,Texas,79901,http://www.brokenrulesbrewing.com/,,31.7657554,-106.4766908,BROK,500,FALSE,"31.7657554, -106.4766908",Brewery,,,FALSE,,FALSE,FALSE,Free,3,FALSE,FALSE,0,,FALSE,FALSE,FALSE,basic,,,,FALSE,"31.7657554, -106.4766908",,FALSE,FALSE,FALSE,FALSE,0,0,0
Podium Finish Coffee & Bikes,"1400 Texas Ave, El Paso, TX 79901",9152571032,,El Paso,Texas,79901,http://www.podiumfinishsportcafe.com/,,31.7662689,-106.4750778,PODI,500,FALSE,"31.7662689, -106.4750778",Restaurant,,,FALSE,,,,Free,,,,0,,,,,,,,,,"31.7662689, -106.4750778",,FALSE,FALSE,FALSE,FALSE,0,0,0
Golden Corral Buffet & Grill,"4610 Trans Mountain Rd, El Paso, TX 79924",9155006054,,El Paso,Texas,79924,https://www.goldencorral.com/locations/916/golden-corral-transmountain-road?utm_source=google&utm_medium=local&utm_campaign=localmaps&utm_content=916,"Family-friendly buffet chain featuring all-you-can-eat American fare, plus salad & dessert bars.",31.8971948,-106.4365688,GOLD,500,FALSE,"31.8971948, -106.4365688",Buffet restaurant,,,FALSE,,,,Free,,,,0,,,,,,,,,,"31.8971948, -106.4365688",,FALSE,FALSE,FALSE,FALSE,0,0,0
EZ TAX DBA Los Taxes,"5858 Gtwy Blvd E #8, El Paso, TX 79905",9152048245,,El Paso,Texas,79905,,,31.7795818,-106.4169621,EZTA,500,FALSE,"31.7795818, -106.4169621",Tax preparation service,,,FALSE,,,,Free,,,,0,,,,,,,,,,"31.7795818, -106.4169621",,FALSE,FALSE,FALSE,FALSE,0,0,0
Dave & Buster's El Paso,"6101 Gateway Blvd W #2006, El Paso, TX 79925",9153045400,,El Paso,Texas,79925,https://www.daveandbusters.com/us/en/about/locations/el-paso,Family-friendly chain offering a sports-bar-style setting for American food & arcade games.,31.7839188,-106.4118076,DAVE,500,FALSE,"31.7839188, -106.4118076",Restaurant,,,FALSE,,,,Free,,,,0,,,,,,,,,,"31.7839188, -106.4118076",,FALSE,FALSE,FALSE,FALSE,0,0,0
J&I Barber and Beauty Salon,"6259 Airport Rd, El Paso, TX 79925",9157719214,,El Paso,Texas,79925,,,31.788905,-106.408295,J&IB,500,FALSE,"31.788905, -106.408295",Beauty salon,,,FALSE,,,,Free,,,,0,,,,,,,,,,"31.788905, -106.408295",,FALSE,FALSE,FALSE,FALSE,0,0,0
Johnny Carino's,"1201 Airway Blvd, El Paso, TX 79925",9157787771,,El Paso,Texas,79925,http://www.carinos.com/,Classic Italian chain restaurant serving familiar & modern fare in a family-friendly setting.,31.7813797,-106.3932669,JOHN,500,FALSE,"31.7813797, -106.3932669",Restaurant,,,FALSE,,,,Free,,,,0,,,,,,,,,,"31.7813797, -106.3932669",,FALSE,FALSE,FALSE,FALSE,0,0,0
Kona Grill - El Paso,"8889 Gateway Blvd W #1740, El Paso, TX 79925",9152493803,,El Paso,Texas,79925,"https://konagrill.com/locations?locations=El-Paso,79925","Sleek chain with a broad New American menu including low-calorie options, plus sushi & cocktails.",31.7699659,-106.3724955,KONA,500,FALSE,"31.7699659, -106.3724955",American restaurant,,,FALSE,,,,Free,,,,0,,,,,,,,,,"31.7699659, -106.3724955",,FALSE,FALSE,FALSE,FALSE,0,0,0
Grimaldi's Pizzeria,"8889 Gateway Blvd W Ste 1200, El Paso, TX 79925",9155944929,,El Paso,Texas,79925,https://www.grimaldispizzeria.com/locations/el-paso/,"Casual, Brooklyn-based pizzeria chain serving brick-oven pies & calzones, plus wine & beer.",31.769032,-106.3706399,GRIM,500,FALSE,"31.769032, -106.3706399",Pizza restaurant,,,FALSE,,,,Free,,,,0,,,,,,,,,,"31.769032, -106.3706399",,FALSE,FALSE,FALSE,FALSE,0,0,0
Black El Paso Voice News & Information,"9434 Viscount Blvd #170F, El Paso, TX 79925",9153451661,,El Paso,Texas,79925,https://blackelpasovoice.com/,,31.7675667,-106.3650517,BLAC,500,FALSE,"31.7675667, -106.3650517",Consultant,,,FALSE,,FALSE,FALSE,Free,3,FALSE,FALSE,0,,FALSE,FALSE,FALSE,basic,,,,FALSE,"31.7675667, -106.3650517",,FALSE,FALSE,FALSE,FALSE,0,0,0
Top F African Store & Fashions,"9828 Montana Ave, El Paso, TX 79925",9155910769,,El Paso,Texas,79925,https://www.topfafricanstore.com/,,31.7940992,-106.352617,TOPF,500,FALSE,"31.7940992, -106.352617",African goods store,,,FALSE,,,,Free,,,,0,,,,,,,,,,"31.7940992, -106.352617",,FALSE,FALSE,FALSE,FALSE,0,0,0
Thirty 5ive Tavern & Grill,"10420 Montwood Dr, El Paso, TX 79935",9152620730,,El Paso,Texas,79935,https://www.thirty5ivetavernandgrill.com/,,31.7718338,-106.3387346,THIR,500,FALSE,"31.7718338, -106.3387346",Steak house,,,FALSE,,,,Free,,,,0,,,,,,,,,,"31.7718338, -106.3387346",,FALSE,FALSE,FALSE,FALSE,0,0,0
Speaking Rock Entertainment Center,"122 S Old Pueblo Rd, El Paso, TX 79907",9158607777,,El Paso,Texas,79907,http://www.speakingrock.com/,"Big casual complex offering concerts & a casino, plus a video game room, a restaurant & a bar.",31.690126,-106.326605,SPEA,500,FALSE,"31.690126, -106.326605",Casino,,,FALSE,,,,Free,,,,0,,,,,,,,,,"31.690126, -106.326605",,FALSE,FALSE,FALSE,FALSE,0,0,0
Anointed Cuisine: A Taste Of Africa,"3140 Lee Trevino Dr, El Paso, TX 79936",9153074834,,El Paso,Texas,79936,https://anointedcuisineinc.com/,,31.7854025,-106.3226805,ANOI,500,FALSE,"31.7854025, -106.3226805",West African restaurant,,,FALSE,,FALSE,FALSE,Free,3,FALSE,FALSE,0,,FALSE,FALSE,FALSE,basic,,,,FALSE,"31.7854025, -106.3226805",,FALSE,FALSE,FALSE,FALSE,0,0,0
Desert Oak Barbecue,"11411 Gateway Blvd W, El Paso, TX 79936",9153094322,,El Paso,Texas,79936,https://www.desertoakbarbecue.com/,"Oak-smoked BBQ, comfort-food sides & banana pudding, offered in rustic digs with outdoor seating.",31.7367544,-106.3205353,DESE,500,FALSE,"31.7367544, -106.3205353",Barbecue restaurant,,,FALSE,,,,Free,,,,0,,,,,,,,,,"31.7367544, -106.3205353",,FALSE,FALSE,FALSE,FALSE,0,0,0
Golden Corral Buffet & Grill,"1460 Lee Trevino Dr, El Paso, TX 79936",9155928411,,El Paso,Texas,79936,https://www.goldencorral.com/locations/537/golden-corral-lee-trevino-drive?utm_source=google&utm_medium=local&utm_campaign=localmaps&utm_content=537,"Family-friendly buffet chain featuring all-you-can-eat American fare, plus salad & dessert bars.",31.7500202,-106.3181786,GOLD,500,FALSE,"31.7500202, -106.3181786",Buffet restaurant,,,FALSE,,,,Free,,,,0,,,,,,,,,,"31.7500202, -106.3181786",,FALSE,FALSE,FALSE,FALSE,0,0,0
Subway,"9417 Alameda Ave A, El Paso, TX 79907",9158584131,,El Paso,Texas,79907,https://restaurants.subway.com/united-states/tx/el-paso/9417-alameda-ave?utm_source=yxt-goog&utm_medium=local&utm_term=acq&utm_content=27538&utm_campaign=evergreen-2020&y_source=1_MTQ5MTQ2MDgtNzE1LWxvY2F0aW9uLndlYnNpdGU%3D,"Casual counter-serve chain for build-your-own sandwiches & salads, with health-conscious options.",31.6832262,-106.3143528,SUBW,500,FALSE,"31.6832262, -106.3143528",Sandwich shop,,,FALSE,,,,Free,,,,0,,,,,,,,,,"31.6832262, -106.3143528",,FALSE,FALSE,FALSE,FALSE,0,0,0
BJ's Restaurant & Brewhouse,"11905 Gateway Blvd W, El Paso, TX 79936",9156338300,,El Paso,Texas,79936,https://www.bjsrestaurants.com/locations/tx/el-paso,Family-friendly chain outpost pairs familiar pub fare with an extensive list of house brews.,31.7243029,-106.307405,BJ'S,500,FALSE,"31.7243029, -106.307405",Restaurant,,,FALSE,,FALSE,FALSE,Free,3,FALSE,FALSE,0,,FALSE,FALSE,FALSE,basic,,,,FALSE,"31.7243029, -106.307405",,FALSE,FALSE,FALSE,FALSE,0,0,0
Bubba's 33,"11925 Gateway Blvd W, El Paso, TX 79936",9152966911,,El Paso,Texas,79936,https://www.bubbas33.com/locations/texas/el-paso?utm_source=listing&utm_medium=search,"Burgers, pizza & beer served alongside many large-screen TVs showing sports & music videos.",31.723286,-106.306145,BUBB,500,FALSE,"31.723286, -106.306145",American restaurant,,,FALSE,,FALSE,FALSE,Free,3,FALSE,FALSE,0,,FALSE,FALSE,FALSE,basic,,,,FALSE,"31.723286, -106.306145",,FALSE,FALSE,FALSE,FALSE,0,0,0
CoCol: Coffee,"10180 Socorro Rd, Socorro, TX 79927",9157026245,,Socorro,Texas,79927,,,31.6545119,-106.3037282,COCO,500,FALSE,"31.6545119, -106.3037282",Coffee shop,,,FALSE,,FALSE,FALSE,Free,3,FALSE,FALSE,0,,FALSE,FALSE,FALSE,basic,,,,FALSE,"31.6545119, -106.3037282",,FALSE,FALSE,FALSE,FALSE,0,0,0
Noodles & Dumplings,"1355 George Dieter Dr Bldg A Suite 102, El Paso, TX 79936",9153002232,,El Paso,Texas,79936,https://www.noodlesanddumplings.com/,,31.728628,-106.3033371,NOOD,500,FALSE,"31.728628, -106.3033371",Restaurant,,,FALSE,,,,Free,,,,0,,,,,,,,,,"31.728628, -106.3033371",,FALSE,FALSE,FALSE,FALSE,0,0,0
Feet Geek Footcare Studio EP,"1810 George Dieter Dr #1 Ste 106-107, El Paso, TX 79936",9158885365,,El Paso,Texas,79936,https://feetgeekfootcarestudioep.glossgenius.com/,,31.7657144,-106.3012479,FEET,500,FALSE,"31.7657144, -106.3012479",Beauty salon,,,FALSE,,,,Free,,,,0,,,,,,,,,,"31.7657144, -106.3012479",,FALSE,FALSE,FALSE,FALSE,0,0,0
Gwada Soul,"3020 Trawood Dr Ste G, El Paso, TX 79936",9159967459,,El Paso,Texas,79936,https://www.gwadasoul.com/,,31.7641888,-106.3007416,GWAD,500,FALSE,"31.7641888, -106.3007416",Restaurant,,,FALSE,,,,Free,,,,0,,,,,,,,,,"31.7641888, -106.3007416",,FALSE,FALSE,FALSE,FALSE,0,0,0
Pizza Junction,"3790 N Zaragoza Rd, El Paso, TX 79938",9158499737,,El Paso,Texas,79938,https://www.pizzajunctiontx.com/,,31.8106721,-106.2149113,PIZZ,500,FALSE,"31.8106721, -106.2149113",Pizza restaurant,,,FALSE,,,,Free,,,,0,,,,,,,,,,"31.8106721, -106.2149113",,FALSE,FALSE,FALSE,FALSE,0,0,0
McDonald's,"1809 Frontage Rd, Van Horn, TX 79855",4322832692,,Van Horn,Texas,79855,https://www.mcdonalds.com/us/en-us/location/TX/VAN-HORN/1809-SE-FRONTAGE-RD/11696.html?cid=RF:YXT:GMB::Clicks,"Classic, long-running fast-food chain known for its burgers & fries.",31.0347326,-104.8554998,MCDO,500,FALSE,"31.0347326, -104.8554998",Fast food restaurant,,,FALSE,,,,Free,,,,0,,,,,,,,,,"31.0347326, -104.8554998",,FALSE,FALSE,FALSE,FALSE,0,0,0
Domino's Pizza,"1003 N Sycamore St, Fort Stockton, TX 79735",4323369999,,Fort Stockton,Texas,79735,https://www.dominos.com/en/?utm_source=google&utm_medium=loclist&utm_campaign=localmaps,"Delivery, carryout & dine-in chain offering a wide range of pizzas, plus a variety of other dishes & sides.",30.8948986,-102.9092595,DOMI,500,FALSE,"30.8948986, -102.9092595",Pizza delivery,,,FALSE,,,,Free,,,,0,,,,,,,,,,"30.8948986, -102.9092595",,FALSE,FALSE,FALSE,FALSE,0,0,0
Taco Villa,"2120 E 42Nd St, Odessa, TX 79762",4323622528,,Odessa,Texas,79762,https://tacovilla.net/,"Local chain doling out familiar Mexican plates in a casual, kid-friendly space.",31.8888345,-102.3520673,TACO,500,FALSE,"31.8888345, -102.3520673",Restaurant,,,FALSE,,,,Free,,,,0,,,,,,,,,,"31.8888345, -102.3520673",,FALSE,FALSE,FALSE,FALSE,0,0,0
Black Cultural Council of Odessa,"1020 Martin Luther King, Jr. St, Odessa, TX 79761",4328889276,,Odessa,Texas,79761,https://odessabcc.org/,,31.8445798,-102.3507112,BLAC,500,FALSE,"31.8445798, -102.3507112",Non-profit organization,,,FALSE,,FALSE,FALSE,Free,3,FALSE,FALSE,0,,FALSE,FALSE,FALSE,basic,,,,FALSE,"31.8445798, -102.3507112",,FALSE,FALSE,FALSE,FALSE,0,0,0
Walk-On's Sports Bistreaux - Odessa Restaurant,"7280 TX-191, Odessa, TX 79765",4326984100,,Odessa,Texas,79765,https://locate.walk-ons.com/tx/odessa/restaurants-409.html,"This game-day bar serves burgers & fried fare, plus local beers & party platters for big groups.",31.9117096,-102.2969755,WALK,500,FALSE,"31.9117096, -102.2969755",Restaurant,,,FALSE,,,,Free,,,,0,,,,,,,,,,"31.9117096, -102.2969755",,FALSE,FALSE,FALSE,FALSE,0,0,0
Carl's Jr.,"5313 W Loop 250 N, Midland, TX 79707",4326956883,,Midland,Texas,79707,https://locations.carlsjr.com/tx/midland/5313-west-loop-250-n,"Fast-food chain known for its variety of piled-high burgers & meal combos, plus shakes.",32.0165091,-102.1564032,CARL,500,FALSE,"32.0165091, -102.1564032",Fast food restaurant,,,FALSE,,FALSE,FALSE,Free,3,FALSE,FALSE,0,,FALSE,FALSE,FALSE,basic,,,,FALSE,"32.0165091, -102.1564032",,FALSE,FALSE,FALSE,FALSE,0,0,0
Saltgrass Steak House,"4511 W Loop 250 N, Midland, TX 79707",4326990476,,Midland,Texas,79707,https://www.saltgrass.com/location/saltgrass-midland/,Informal Texas-themed chain offers a meaty menu & full bar amid cattle kitsch decor.,32.0261332,-102.1468797,SALT,500,FALSE,"32.0261332, -102.1468797",Steak house,,,FALSE,,,,Free,,,,0,,,,,,,,,,"32.0261332, -102.1468797",,FALSE,FALSE,FALSE,FALSE,0,0,0
Supercuts,"2215 Midland Dr #2D, Midland, TX 79707",4323150395,,Midland,Texas,79707,https://www.supercuts.com/locations/nearme/haircut/tx/midland/2215-n-midland-dr-ste-2d/8404,,32.0083119,-102.140036,SUPE,500,FALSE,"32.0083119, -102.140036",Hair salon,,,FALSE,,,,Free,,,,0,,,,,,,,,,"32.0083119, -102.140036",,FALSE,FALSE,FALSE,FALSE,0,0,0
Taco Villa,"4411 Andrews Hwy, Midland, TX 79703",4326991131,,Midland,Texas,79703,https://tacovilla.net/,"Local chain doling out familiar Mexican plates in a casual, kid-friendly space.",32.0010033,-102.1383467,TACO,500,FALSE,"32.0010033, -102.1383467",Restaurant,,,FALSE,,,,Free,,,,0,,,,,,,,,,"32.0010033, -102.1383467",,FALSE,FALSE,FALSE,FALSE,0,0,0
Perfect Brow Bar,"4511 N Midkiff Rd A-2, Midland, TX 79705",4327017101,,Midland,Texas,79705,https://perfectbrowbar.com/stores/midland/,,32.0306851,-102.1333366,PERF,500,FALSE,"32.0306851, -102.1333366",Beauty salon,,,FALSE,,,,Free,,,,0,,,,,,,,,,"32.0306851, -102.1333366",,FALSE,FALSE,FALSE,FALSE,0,0,0
Bubba's 33,"3315 W Loop 250 N, Midland, TX 79705",4326942333,,Midland,Texas,79705,https://www.bubbas33.com/locations/texas/midland?utm_source=listing&utm_medium=search,"Burgers, pizza & beer served alongside many large-screen TVs showing sports & music videos.",32.03224,-102.1308747,BUBB,500,FALSE,"32.03224, -102.1308747",American restaurant,,,FALSE,,FALSE,FALSE,Free,3,FALSE,FALSE,0,,FALSE,FALSE,FALSE,basic,,,,FALSE,"32.03224, -102.1308747",,FALSE,FALSE,FALSE,FALSE,0,0,0
Fuddruckers,"4511 N Midkiff Rd, Midland, TX 79705",4326890448,,Midland,Texas,79705,https://www.fuddruckers.com/midland,"Family-friendly chain for burgers on housemade sesame seed buns, plus salads & shakes.",32.0308129,-102.1303921,FUDD,500,FALSE,"32.0308129, -102.1303921",Hamburger restaurant,,,FALSE,,,,Free,,,,0,,,,,,,,,,"32.0308129, -102.1303921",,FALSE,FALSE,FALSE,FALSE,0,0,0
Sanbart logistics LLC,"223 W Wall St Suite 299, Midland, TX 79701",4322510609,,Midland,Texas,79701,,,31.9971801,-102.0765269,SANB,500,FALSE,"31.9971801, -102.0765269",Trucking company,,,FALSE,,,,Free,,,,0,,,,,,,,,,"31.9971801, -102.0765269",,FALSE,FALSE,FALSE,FALSE,0,0,0
Jersey Mike's Subs,"6319 82Nd St Ste #300, Lubbock, TX 79424",8063685691,,Lubbock,Texas,79424,https://www.jerseymikes.com/15065/lubbock-tx?utm_source=google&utm_medium=organic&utm_campaign=listings,New Jersey–based counter-serve sandwich chain serving jumbo subs filled with cold cuts & toppings.,33.51913,-101.95638,JERS,500,FALSE,"33.51913, -101.95638",Sandwich shop,,,FALSE,,,,Free,,,,0,,,,,,,,,,"33.51913, -101.95638",,FALSE,FALSE,FALSE,FALSE,0,0,0
Chipotle Mexican Grill,"2912 W Loop 289 Acc Rd Ste 102, Lubbock, TX 79407",8067840083,,Lubbock,Texas,79407,https://locations.chipotle.com/tx/lubbock/2912-w-loop-289?utm_source=google&utm_medium=yext&utm_campaign=yext_listings?restaurant=2651,"Casual restaurant offering Mexican fare, including design-your-own burritos, tacos & bowls.",33.5674303,-101.9448363,CHIP,500,FALSE,"33.5674303, -101.9448363",Fast food restaurant,,,FALSE,,FALSE,FALSE,Free,3,FALSE,FALSE,0,,FALSE,FALSE,FALSE,basic,,,,FALSE,"33.5674303, -101.9448363",,FALSE,FALSE,FALSE,FALSE,0,0,0
People's Success LLC,"8201 Sw 34Th Ave Ste G, Amarillo, TX 79106",8062316744,,Amarillo,Texas,79106,https://www.peopleandsuccess.com/,,35.1762504,-101.9355086,PEOP,500,FALSE,"35.1762504, -101.9355086",Consultant,,,FALSE,,,,Free,,,,0,,,,,,,,,,"35.1762504, -101.9355086",,FALSE,FALSE,FALSE,FALSE,0,0,0
Brad Paschal Consulting,"8405 Kinderhook Ct, Amarillo, TX 79119",8065482468,,Amarillo,Texas,79119,https://bradpaschal.com/,,35.122735,-101.93076,BRAD,500,FALSE,"35.122735, -101.93076",Marketing agency,,,FALSE,,FALSE,FALSE,Free,3,FALSE,FALSE,0,,FALSE,FALSE,FALSE,basic,,,,FALSE,"35.122735, -101.93076",,FALSE,FALSE,FALSE,FALSE,0,0,0
CNJ'S Barbershop,"5313 50Th St, Lubbock, TX 79414",8062249472,,Lubbock,Texas,79414,,,33.5484541,-101.9271294,CNJ',500,FALSE,"33.5484541, -101.9271294",Barber shop,,,FALSE,,FALSE,FALSE,Free,3,FALSE,FALSE,0,,FALSE,FALSE,FALSE,basic,,,,FALSE,"33.5484541, -101.9271294",,FALSE,FALSE,FALSE,FALSE,0,0,0
Twisted Root Burger Co.,"116 W Loop 289 Acc Rd, Lubbock, TX 79416",8067970532,,Lubbock,Texas,79416,https://www.twistedrootburgerco.com/locations/lubbock,"Chain with gourmet beef, turkey & vegan burgers, plus spiked shakes. Some locations have game meats.",33.5965071,-101.9257586,TWIS,500,FALSE,"33.5965071, -101.9257586",Hamburger restaurant,,,FALSE,,,,Free,,,,0,,,,,,,,,,"33.5965071, -101.9257586",,FALSE,FALSE,FALSE,FALSE,0,0,0
Rendezvous Hair Studio,"1102 Slide Rd Spc 31, Lubbock, TX 79416",8064075163,,Lubbock,Texas,79416,,,33.5853593,-101.9238421,REND,500,FALSE,"33.5853593, -101.9238421",Hair salon,,,FALSE,,,,Free,,,,0,,,,,,,,,,"33.5853593, -101.9238421",,FALSE,FALSE,FALSE,FALSE,0,0,0
Red Zone Cafe,"3602 Slide Rd, Lubbock, TX 79414",8067840010,,Lubbock,Texas,79414,https://redzonecafe.shop/,"Informal restaurant with American breakfasts, burgers & down-home fare like chicken-fried steak.",33.5609119,-101.9230605,REDZ,500,FALSE,"33.5609119, -101.9230605",Restaurant,,,FALSE,,,,Free,,,,0,,,,,,,,,,"33.5609119, -101.9230605",,FALSE,FALSE,FALSE,FALSE,0,0,0
Starbucks Coffee Company,"5110 98Th St, Lubbock, TX 79424",8062416854,,Lubbock,Texas,79424,https://www.starbucks.com/store-locator/store/1015499,"Welcoming coffeehouse with handcrafted coffee, espresso & tea, plus breakfast, lunch & pastries.",33.50574,-101.92184,STAR,500,FALSE,"33.50574, -101.92184",Coffee shop,,,FALSE,,,,Free,,,,0,,,,,,,,,,"33.50574, -101.92184",,FALSE,FALSE,FALSE,FALSE,0,0,0
BJ's Restaurant & Brewhouse,"4805 S Loop 289 Bldg #100, Lubbock, TX 79424",8067838600,,Lubbock,Texas,79424,https://www.bjsrestaurants.com/locations/tx/lubbock,Family-friendly chain outpost pairs familiar pub fare with an extensive list of house brews.,33.5315344,-101.9144406,BJ'S,500,FALSE,"33.5315344, -101.9144406",Restaurant,,,FALSE,,FALSE,FALSE,Free,3,FALSE,FALSE,0,,FALSE,FALSE,FALSE,basic,,,,FALSE,"33.5315344, -101.9144406",,FALSE,FALSE,FALSE,FALSE,0,0,0
Glam LAB,"4620 71St St #30, Lubbock, TX 79424",8068314526,,Lubbock,Texas,79424,http://instagram.com/glamlablbk,,33.5294799,-101.9118059,GLAM,500,FALSE,"33.5294799, -101.9118059",Beauty salon,,,FALSE,,,,Free,,,,0,,,,,,,,,,"33.5294799, -101.9118059",,FALSE,FALSE,FALSE,FALSE,0,0,0
Bloomington Extension Bar and Salon,"4401 82Nd St #1500, Lubbock, TX 79424",8064160248,,Lubbock,Texas,79424,http://bloomingtonextensionbar.glossgenius.com/,,33.5188015,-101.9059549,BLOO,500,FALSE,"33.5188015, -101.9059549",Beauty salon,,,FALSE,,FALSE,FALSE,Free,3,FALSE,FALSE,0,,FALSE,FALSE,FALSE,basic,,,,FALSE,"33.5188015, -101.9059549",,FALSE,FALSE,FALSE,FALSE,0,0,0
La Foi Salon,"3222 140Th St, Lubbock, TX 79423",8067714545,,Lubbock,Texas,79423,https://www.lafoisalon.com/,,33.4664584,-101.8864104,LAFO,500,FALSE,"33.4664584, -101.8864104",Hair salon,,,FALSE,,,,Free,,,,0,,,,,,,,,,"33.4664584, -101.8864104",,FALSE,FALSE,FALSE,FALSE,0,0,0
Vizo’s African Bar & Restaurant,"3131 34Th St, Lubbock, TX 79410",8067013680,,Lubbock,Texas,79410,http://www.vizoslubbock.com/,"Down-to-earth destination offering African specialties, beer & wine, plus a take-out option.",33.562698,-101.8830015,VIZO,500,FALSE,"33.562698, -101.8830015",Bar & grill,,,FALSE,,,,Free,,,,0,,,,,,,,,,"33.562698, -101.8830015",,FALSE,FALSE,FALSE,FALSE,0,0,0
Jirani international Enterprise LLC (African Market),"2808 34Th St, Lubbock, TX 79410",8064073303,,Lubbock,Texas,79410,,,33.5635928,-101.8767542,JIRA,500,FALSE,"33.5635928, -101.8767542",Supermarket,,,FALSE,,,,Free,,,,0,,,,,,,,,,"33.5635928, -101.8767542",,FALSE,FALSE,FALSE,FALSE,0,0,0
Makie Black Boutique,"2640 Wolflin Ave, Amarillo, TX 79109",8063520552,,Amarillo,Texas,79109,http://www.makieblack.com/,"Hip women's fashion boutique featuring T-shirts, jeans, dresses & jewelry from well-known designers.",35.1933721,-101.8654981,MAKI,500,FALSE,"35.1933721, -101.8654981",Women's clothing store,,,FALSE,,,,Free,,,,0,,,,,,,,,,"35.1933721, -101.8654981",,FALSE,FALSE,FALSE,FALSE,0,0,0
"BLACKSMITHLAMB, LLC","900 Sw 7Th Ave, Amarillo, TX 79101",,,Amarillo,Texas,79101,http://blacksmithlamb.com/,,35.2082159,-101.8475985,BLAC,500,FALSE,"35.2082159, -101.8475985",Business management consultant,,,FALSE,,FALSE,FALSE,Free,3,FALSE,FALSE,0,,FALSE,FALSE,FALSE,basic,,,,FALSE,"35.2082159, -101.8475985",,FALSE,FALSE,FALSE,FALSE,0,0,0
Black Plumbing Heating & Air,"8215 Avenue D, Lubbock, TX 79404",8063045117,,Lubbock,Texas,79404,https://blackplumbing.com/lubbock/,,33.5185577,-101.8397151,BLAC,500,FALSE,"33.5185577, -101.8397151",Plumber,,,FALSE,,FALSE,FALSE,Free,3,FALSE,FALSE,0,,FALSE,FALSE,FALSE,basic,,,,FALSE,"33.5185577, -101.8397151",,FALSE,FALSE,FALSE,FALSE,0,0,0
Premier Portable Buildings,"404 E Farmers Ave, Amarillo, TX 79118",8066229778,,Amarillo,Texas,79118,https://shedsofamarillo.com/,,35.134449,-101.834526,PREM,500,FALSE,"35.134449, -101.834526",Portable building manufacturer,,,FALSE,,,,Free,,,,0,,,,,,,,,,"35.134449, -101.834526",,FALSE,FALSE,FALSE,FALSE,0,0,0
Sad Monkey Mercantile,"9800 TX-217, Canyon, TX 79015",8064524712,,Canyon,Texas,79015,https://sadmonkey.com/,,34.9838972,-101.726134,SADM,500,FALSE,"34.9838972, -101.726134",Restaurant,,,FALSE,,,,Free,,,,0,,,,,,,,,,"34.9838972, -101.726134",,FALSE,FALSE,FALSE,FALSE,0,0,0
McAlister's Deli,"1010 Lamesa Hwy, Big Spring, TX 79720",4325586468,,Big Spring,Texas,79720,https://locations.mcalistersdeli.com/tx/big-spring/1010-lamesa-hwy?utm_source=google&utm_medium=organic&utm_campaign=locations_partner,"Easygoing counter-service chain known for its sandwiches, stuffed baked potatoes & sweet tea.",32.2621788,-101.4883231,MCAL,500,FALSE,"32.2621788, -101.4883231",Sandwich shop,,,FALSE,,,,Free,,,,0,,,,,,,,,,"32.2621788, -101.4883231",,FALSE,FALSE,FALSE,FALSE,0,0,0
Taco Villa,"1501 S Gregg St, Big Spring, TX 79720",4322633511,,Big Spring,Texas,79720,https://tacovilla.net/,"Local chain doling out familiar Mexican plates in a casual, kid-friendly space.",32.2400801,-101.473166,TACO,500,FALSE,"32.2400801, -101.473166",Restaurant,,,FALSE,,,,Free,,,,0,,,,,,,,,,"32.2400801, -101.473166",,FALSE,FALSE,FALSE,FALSE,0,0,0
Fuddruckers,"406 S Bibb Ave, Eagle Pass, TX 78853",8307733177,,Eagle Pass,Texas,78853,https://www.fuddruckers.com/eagle-pass,"Family-friendly chain for burgers on housemade sesame seed buns, plus salads & shakes.",28.704944,-100.482788,FUDD,500,FALSE,"28.704944, -100.482788",Hamburger restaurant,,,FALSE,,,,Free,,,,0,,,,,,,,,,"28.704944, -100.482788",,FALSE,FALSE,FALSE,FALSE,0,0,0
RJ Catering,"1405 N Bryant Blvd, San Angelo, TX 76903",3252121233,,San Angelo,Texas,76903,http://www.rjcateringtx.com/,,31.472082,-100.4509176,RJCA,500,FALSE,"31.472082, -100.4509176",Caterer,,,FALSE,,,,Free,,,,0,,,,,,,,,,"31.472082, -100.4509176",,FALSE,FALSE,FALSE,FALSE,0,0,0
Crown Of Thorns Barbershop LLC,"4601 Antilley Rd Ste 501, Abilene, TX 79606",3256680935,,Abilene,Texas,79606,http://crownofthornsbarbershop.com/,,32.3724872,-99.7816257,CROW,500,FALSE,"32.3724872, -99.7816257",Barber shop,,,FALSE,,,,Free,,,,0,,,,,,,,,,"32.3724872, -99.7816257",,FALSE,FALSE,FALSE,FALSE,0,0,0
cordell's,"6410 Buffalo Gap Rd Ste B, Abilene, TX 79606",3254551524,,Abilene,Texas,79606,http://www.shopcordells.com/,,32.3716261,-99.7764872,CORD,500,FALSE,"32.3716261, -99.7764872",Bistro,,,FALSE,,FALSE,FALSE,Free,3,FALSE,FALSE,0,,FALSE,FALSE,FALSE,basic,,,,FALSE,"32.3716261, -99.7764872",,FALSE,FALSE,FALSE,FALSE,0,0,0
SoulFood Shack Grab & Go,"4021 S 7Th St, Abilene, TX 79605",3252675243,,Abilene,Texas,79605,https://www.facebook.com/soulfoodshack325/,,32.4435276,-99.7716876,SOUL,500,FALSE,"32.4435276, -99.7716876",Restaurant,,,FALSE,,,,Free,,,,0,,,,,,,,,,"32.4435276, -99.7716876",,FALSE,FALSE,FALSE,FALSE,0,0,0
Beauty Plug Tx,"3556 N 6Th St, Abilene, TX 79603",3252757799,,Abilene,Texas,79603,,,32.4555835,-99.7659021,BEAU,500,FALSE,"32.4555835, -99.7659021",Beauty supply store,,,FALSE,,FALSE,FALSE,Free,3,FALSE,FALSE,0,,FALSE,FALSE,FALSE,basic,,,,TRUE,"32.4555835, -99.7659021",,FALSE,FALSE,FALSE,FALSE,0,0,0
Phoenix Bodi And Beauty Institute (PBBI),"1290 S Willis St Suite 103, Abilene, TX 79605",3255146839,,Abilene,Texas,79605,http://www.pbbii.com/,,32.4337497,-99.7658791,PHOE,500,FALSE,"32.4337497, -99.7658791",Beauty salon,,,FALSE,,,,Free,,,,0,,,,,,,,,,"32.4337497, -99.7658791",,FALSE,FALSE,FALSE,FALSE,0,0,0
Outback Steakhouse,"4142 Ridgemont Dr, Abilene, TX 79606",3256927177,,Abilene,Texas,79606,https://locations.outback.com/texas/abilene/4142-ridgemont-drive?utm_source=gmb&utm_medium=local_search&utm_campaign=website_cta&y_source=1_MTU1MDIzNzMtNzE1LWxvY2F0aW9uLndlYnNpdGU%3D,"Boisterous Australian-themed chain serving steaks, seafood & other hearty steakhouse fare.",32.4008692,-99.765125,OUTB,500,FALSE,"32.4008692, -99.765125",Steak house,,,FALSE,,,,Free,,,,0,,,,,,,,,,"32.4008692, -99.765125",,FALSE,FALSE,FALSE,FALSE,0,0,0
Texas College of Cosmetology,"117 Sayles Blvd, Abilene, TX 79605",3256770532,,Abilene,Texas,79605,https://www.texascollegecosmetology.com/,,32.4488677,-99.7470187,TEXA,500,FALSE,"32.4488677, -99.7470187",Hair salon,,,FALSE,,,,Free,,,,0,,,,,,,,,,"32.4488677, -99.7470187",,FALSE,FALSE,FALSE,FALSE,0,0,0
NeeCee’s Barber & Cosmetology College Abilene,"1813 Industrial Blvd, Abilene, TX 79602",3256737970,,Abilene,Texas,79602,https://neeceescollege.com/,,32.4009183,-99.7450122,NEEC,500,FALSE,"32.4009183, -99.7450122",Trade school,,,FALSE,,,,Free,,,,0,,,,,,,,,,"32.4009183, -99.7450122",,FALSE,FALSE,FALSE,FALSE,0,0,0
Adorn Your Space,"1110 Energy Dr Ste. 2, Abilene, TX 79602",3252080204,,Abilene,Texas,79602,http://www.adornyourspacetx.com/,,32.399267,-99.7374204,ADOR,500,FALSE,"32.399267, -99.7374204",Professional organizer,,,FALSE,,FALSE,FALSE,Free,3,FALSE,FALSE,0,,FALSE,FALSE,FALSE,basic,,,,FALSE,"32.399267, -99.7374204",,FALSE,FALSE,FALSE,FALSE,0,0,0
Abilene Black Chamber,"401 Cypress St #420, Abilene, TX 79601",3256727950,,Abilene,Texas,79601,https://abileneblackchamber.com/,,32.4529226,-99.7335907,ABIL,500,FALSE,"32.4529226, -99.7335907",Chamber of Commerce,,,FALSE,,FALSE,FALSE,Free,3,FALSE,FALSE,0,,FALSE,FALSE,FALSE,basic,,,,FALSE,"32.4529226, -99.7335907",,FALSE,FALSE,FALSE,FALSE,0,0,0
Abilene Chamber of Commerce,"400 Pine St Ste. 500, Abilene, TX 79601",3256777241,,Abilene,Texas,79601,http://www.abilenechamber.com/,,32.4528753,-99.7331525,ABIL,500,FALSE,"32.4528753, -99.7331525",Chamber of Commerce,,,FALSE,,FALSE,FALSE,Free,3,FALSE,FALSE,0,,FALSE,FALSE,FALSE,basic,,,,FALSE,"32.4528753, -99.7331525",,FALSE,FALSE,FALSE,FALSE,0,0,0
BNI Aligned for Success,"834 S 3Rd St, Abilene, TX 79602",5124818686,,Abilene,Texas,79602,http://bniwesttexas.com/afs/en-US/index,,32.4464752,-99.7319192,BNIA,500,FALSE,"32.4464752, -99.7319192",Business networking company,,,FALSE,,FALSE,FALSE,Free,3,FALSE,FALSE,0,,FALSE,FALSE,FALSE,basic,,,,FALSE,"32.4464752, -99.7319192",,FALSE,FALSE,FALSE,FALSE,0,0,0
Twisted Root Burger Co.,"2419 N Judge Ely Blvd, Abilene, TX 79601",3252743150,,Abilene,Texas,79601,https://www.twistedrootburgerco.com/locations/abilene,"Chain with gourmet beef, turkey & vegan burgers, plus spiked shakes. Some locations have game meats.",32.4758304,-99.7063129,TWIS,500,FALSE,"32.4758304, -99.7063129",Hamburger restaurant,,,FALSE,,,,Free,,,,0,,,,,,,,,,"32.4758304, -99.7063129",,FALSE,FALSE,FALSE,FALSE,0,0,0
The Domain Abilene,"1215 E South 11Th St, Abilene, TX 79602",3257017833,,Abilene,Texas,79602,http://www.domainabilene.com/,,32.4366683,-99.7035072,DOMA,500,FALSE,"32.4366683, -99.7035072",Coworking space,,,FALSE,,,,Free,,,,0,,,,,,,,,,"32.4366683, -99.7035072",,FALSE,FALSE,FALSE,FALSE,0,0,0
Starbucks Coffee Company,"2626 Enterprise Dr, Abilene, TX 79601",3257257496,,Abilene,Texas,79601,https://www.starbucks.com/store-locator/store/1014928/,"Welcoming coffeehouse with handcrafted coffee, espresso & tea, plus breakfast, lunch & pastries.",32.48025,-99.69489,STAR,500,FALSE,"32.48025, -99.69489",Coffee shop,,,FALSE,,,,Free,,,,0,,,,,,,,,,"32.48025, -99.69489",,FALSE,FALSE,FALSE,FALSE,0,0,0
Golden Corral Buffet & Grill,"5930 San Bernardo Ave, Laredo, TX 78041",9567913374,,Laredo,Texas,78041,https://www.goldencorral.com/locations/713/golden-corral-san-bernardo-ave?utm_source=google&utm_medium=local&utm_campaign=localmaps&utm_content=713,"Family-friendly buffet chain featuring all-you-can-eat American fare, plus salad & dessert bars.",27.5613713,-99.5044827,GOLD,500,FALSE,"27.5613713, -99.5044827",Buffet restaurant,,,FALSE,,,,Free,,,,0,,,,,,,,,,"27.5613713, -99.5044827",,FALSE,FALSE,FALSE,FALSE,0,0,0
Solucion Aduanal Interamerica Llc,"8640 San Lorenzo Dr B, Laredo, TX 78045",9567129509,,Laredo,Texas,78045,http://www.solucionaduanal.com/,,27.5907199,-99.4987276,SOLU,500,FALSE,"27.5907199, -99.4987276",Winery,,,FALSE,,,,Free,,,,0,,,,,,,,,,"27.5907199, -99.4987276",,FALSE,FALSE,FALSE,FALSE,0,0,0
La Finca Bruncheria & Café,"1713 E Del Mar Blvd Ste. 6C, Laredo, TX 78041",9565680162,,Laredo,Texas,78041,https://lafincabruncheria.com/,,27.5761703,-99.4670086,LAFI,500,FALSE,"27.5761703, -99.4670086",Brunch restaurant,,,FALSE,,,,Free,,,,0,,,,,,,,,,"27.5761703, -99.4670086",,FALSE,FALSE,FALSE,FALSE,0,0,0
iTeam Legal Solutions,"1207 Coggin Ave, Brownwood, TX 76801",3252843747,,Brownwood,Texas,76801,https://iteamlegalsolutions.net/,,31.7084174,-98.9796942,ITEA,500,FALSE,"31.7084174, -98.9796942",Law firm,,,FALSE,,,,Free,,,,0,,,,,,,,,,"31.7084174, -98.9796942",,FALSE,FALSE,FALSE,FALSE,0,0,0
The Cajun Coffee Shack,"11618 Potranco Rd, San Antonio, TX 78253",,,San Antonio,Texas,78253,https://cajuncoffeeshack.toast.site/,,29.4325777,-98.7223184,CAJU,500,FALSE,"29.4325777, -98.7223184",Coffee shop,,,FALSE,,,,Free,,,,0,,,,,,,,,,"29.4325777, -98.7223184",,FALSE,FALSE,FALSE,FALSE,0,0,0
Black Rifle Coffee Company,"303 W Loop 1604 S, San Antonio, TX 78245",2102393400,,San Antonio,Texas,78245,https://www.blackriflecoffee.com/,,29.4307473,-98.7123889,BLAC,500,FALSE,"29.4307473, -98.7123889",Coffee shop,,,FALSE,,FALSE,FALSE,Free,3,FALSE,FALSE,0,,FALSE,FALSE,FALSE,basic,,,,FALSE,"29.4307473, -98.7123889",,FALSE,FALSE,FALSE,FALSE,0,0,0
The Art of Hair Studio,"10540 Culebra Rd Ste 102, San Antonio, TX 78251",8303835151,,San Antonio,Texas,78251,http://bit.ly/artofhairstudio,,29.4912093,-98.6987651,ARTO,500,FALSE,"29.4912093, -98.6987651",Hair salon,,,FALSE,,,,Free,,,,0,,,,,,,,,,"29.4912093, -98.6987651",,FALSE,FALSE,FALSE,FALSE,0,0,0
Love's Travel Stop,"6950 I-20, Ranger, TX 76470",2546473700,,Ranger,Texas,76470,https://www.loves.com/locations/270,,32.4414757,-98.6946641,LOVE,500,FALSE,"32.4414757, -98.6946641",Truck stop,,,FALSE,,,,Free,,,,0,,,,,,,,,,"32.4414757, -98.6946641",,FALSE,FALSE,FALSE,FALSE,0,0,0
The Jerk Shack,"10234 TX-151 Ste 103, San Antonio, TX 78251",2107767780,,San Antonio,Texas,78251,http://www.thejerkshacksatx.com/,"Humble window-serve for jerk chicken, patties & curries, plus veggie options & meat by the pound.",29.4488732,-98.6849804,JERK,500,FALSE,"29.4488732, -98.6849804",Caribbean restaurant,,,FALSE,,,,Free,,,,0,,,,,,,,,,"29.4488732, -98.6849804",,FALSE,FALSE,FALSE,FALSE,0,0,0
House of Cookie Couture,"9822 Potranco Rd, San Antonio, TX 78251",2109826518,,San Antonio,Texas,78251,http://www.houseofcookiecouture.com/,,29.4361405,-98.6838026,HOUS,500,FALSE,"29.4361405, -98.6838026",Clothing store,,,FALSE,,,,Free,,,,0,,,,,,,,,,"29.4361405, -98.6838026",,FALSE,FALSE,FALSE,FALSE,0,0,0
Ubuntu Cuisine,"8753 Grissom Rd, San Antonio, TX 78251",2108886161,,San Antonio,Texas,78251,https://ubuntucuisine.com/,"Traditional African meat pies, rice dishes & soups prepared in a modest strip-mall storefront.",29.480257,-98.6563984,UBUN,500,FALSE,"29.480257, -98.6563984",African restaurant,,,FALSE,,,,Free,,,,0,,,,,,,,,,"29.480257, -98.6563984",,FALSE,FALSE,FALSE,FALSE,0,0,0
MFAD Creative Group LLC,"8403 TX-151 Ste 104 #446, San Antonio, TX 78245",2109607013,,San Antonio,Texas,78245,http://www.management4aday.com/,,29.4375835,-98.6525387,MFAD,500,FALSE,"29.4375835, -98.6525387",Business management consultant,,,FALSE,,,,Free,,,,0,,,,,,,,,,"29.4375835, -98.6525387",,FALSE,FALSE,FALSE,FALSE,0,0,0
Adjia’s Hair Braiding,"1305 Sw Loop 410 Unit 203, San Antonio, TX 78227",2108128121,,San Antonio,Texas,78227,https://adjiashairbraiding.zoca.com/?utm_source=googlemaps&utm_medium=googlemapsprofile&utm_campaign=googlemaps,,29.4229256,-98.6517224,ADJI,500,FALSE,"29.4229256, -98.6517224",Hairdresser,,,FALSE,,FALSE,FALSE,Free,3,FALSE,FALSE,0,,FALSE,FALSE,FALSE,basic,,,,FALSE,"29.4229256, -98.6517224",,FALSE,FALSE,FALSE,FALSE,0,0,0
Anointed SkinKare,"7914 Culebra Rd Ste 116, San Antonio, TX 78251",2104469544,,San Antonio,Texas,78251,https://anointedskinkare.glossgenius.com/,,29.4636932,-98.6453204,ANOI,500,FALSE,"29.4636932, -98.6453204",Facial spa,,,FALSE,,FALSE,FALSE,Free,3,FALSE,FALSE,0,,FALSE,FALSE,FALSE,basic,,,,FALSE,"29.4636932, -98.6453204",,FALSE,FALSE,FALSE,FALSE,0,0,0
The Picnic Basket Co.,"8006 Solar Mist, San Antonio, TX 78252",,,San Antonio,Texas,78252,,,29.350336,-98.6396177,PICN,500,FALSE,"29.350336, -98.6396177",Event planner,,,FALSE,,,,Free,,,,0,,,,,,,,,,"29.350336, -98.6396177",,FALSE,FALSE,FALSE,FALSE,0,0,0
Flo T African hair braiding,"7543 Grissom Rd Suite 110B, San Antonio, TX 78251",2109605344,,San Antonio,Texas,78251,https://flotafricanhairbraiding.as.me/,,29.4808607,-98.6370527,FLOT,500,FALSE,"29.4808607, -98.6370527",Hair salon,,,FALSE,,,,Free,,,,0,,,,,,,,,,"29.4808607, -98.6370527",,FALSE,FALSE,FALSE,FALSE,0,0,0
The Bookkeeping Baddie,"7543 Grissom Rd Suite 130, San Antonio, TX 78251",2108916064,,San Antonio,Texas,78251,https://www.thebookkeepingbaddie.com/,,29.4811853,-98.6368392,BOOK,500,FALSE,"29.4811853, -98.6368392",Bookkeeping service,,,FALSE,,,,Free,,,,0,,,,,,,,,,"29.4811853, -98.6368392",,FALSE,FALSE,FALSE,FALSE,0,0,0
Trices Cafe and Lounge,"7600 Eckhert Rd #3, San Antonio, TX 78240",2108067770,,San Antonio,Texas,78240,https://tricesrestaurant.square.site/,,29.5091415,-98.6255595,TRIC,500,FALSE,"29.5091415, -98.6255595",African restaurant,,,FALSE,,,,Free,,,,0,,,,,,,,,,"29.5091415, -98.6255595",,FALSE,FALSE,FALSE,FALSE,0,0,0
Elizabeth's Hair Braiding & Locks,"3209 Wurzbach Rd, San Antonio, TX 78238",2106029053,,San Antonio,Texas,78238,https://elizabethhairbraidingandlocks.godaddysites.com/,,29.4668559,-98.6245055,ELIZ,500,FALSE,"29.4668559, -98.6245055",Hair salon,,,FALSE,,,,Free,,,,0,,,,,,,,,,"29.4668559, -98.6245055",,FALSE,FALSE,FALSE,FALSE,0,0,0
Flair 55 Hair Salon,"20327 I-10 215 Suite 36, San Antonio, TX 78257",2105577100,,San Antonio,Texas,78257,https://www.flair55.com/,,29.6312644,-98.613036,FLAI,500,FALSE,"29.6312644, -98.613036",Beauty salon,,,FALSE,,,,Free,,,,0,,,,,,,,,,"29.6312644, -98.613036",,FALSE,FALSE,FALSE,FALSE,0,0,0
STEVIHAIR STYLES /African Hair Braiding/Hair Salon,"5819 Northwest Loop 410 #152, San Antonio, TX 78238",2107125716,,San Antonio,Texas,78238,,,29.4809226,-98.6077862,STEV,500,FALSE,"29.4809226, -98.6077862",Hair salon,,,FALSE,,,,Free,,,,0,,,,,,,,,,"29.4809226, -98.6077862",,FALSE,FALSE,FALSE,FALSE,0,0,0
The Sunnah the Better Islamic Gift Shop,"5772 Evers Rd, San Antonio, TX 78238",2108880140,,San Antonio,Texas,78238,https://www.thesunnahthebetter.com/,"Family-owned shop since 1993 selling traditional Islamic apparel in larger sizes, plus other gifts.",29.4891739,-98.5993978,SUNN,500,FALSE,"29.4891739, -98.5993978",Gift shop,,,FALSE,,,,Free,,,,0,,,,,,,,,,"29.4891739, -98.5993978",,FALSE,FALSE,FALSE,FALSE,0,0,0
The Bandoo Salon & Spa,"6121 Callaghan Rd, San Antonio, TX 78228",2109984247,,San Antonio,Texas,78228,https://www.thebandoosalonandspa.com/,,29.4888727,-98.576054,BAND,500,FALSE,"29.4888727, -98.576054",Beauty salon,,,FALSE,,,,Free,,,,0,,,,,,,,,,"29.4888727, -98.576054",,FALSE,FALSE,FALSE,FALSE,0,0,0
Fuel F33D The Health Shack,"7302 Louis Pasteur Dr Suite 103, San Antonio, TX 78229",2104138092,,San Antonio,Texas,78229,http://www.fuelf33dhealthshack.com/,,29.5020359,-98.5755427,FUEL,500,FALSE,"29.5020359, -98.5755427",Health food restaurant,,,FALSE,,,,Free,,,,0,,,,,,,,,,"29.5020359, -98.5755427",,FALSE,FALSE,FALSE,FALSE,0,0,0
Preferred Natural Hair Braiding,"1631 Babcock Rd, San Antonio, TX 78229",2105645258,,San Antonio,Texas,78229,https://usabizlink.top/details/preferred-natural-hair-braiding-ChIJ5YL,,29.493037,-98.5690756,PREF,500,FALSE,"29.493037, -98.5690756",Hair salon,,,FALSE,,,,Free,,,,0,,,,,,,,,,"29.493037, -98.5690756",,FALSE,FALSE,FALSE,FALSE,0,0,0
Hair N Bulk • Beauty Supply Store,"3700 Fredericksburg Rd Ste 104, San Antonio, TX 78201",2102017035,,San Antonio,Texas,78201,https://hairnbulk.com/,,29.4812381,-98.542311,HAIR,500,FALSE,"29.4812381, -98.542311",Beauty supply store,,,FALSE,,,,Free,,,,0,,,,,,,,,,"29.4812381, -98.542311",,FALSE,FALSE,FALSE,FALSE,0,0,0
Panifico Bake Shop,"602 Nw 24Th St, San Antonio, TX 78207",2104349290,,San Antonio,Texas,78207,https://www.panifico.com/,"Cheerful bakery specializing in custom cakes & pan dulce, plus other treats baked daily.",29.4347679,-98.5416583,PANI,500,FALSE,"29.4347679, -98.5416583",Bakery,,,FALSE,,,,Free,,,,0,,,,,,,,,,"29.4347679, -98.5416583",,FALSE,FALSE,FALSE,FALSE,0,0,0
NHP WEAR,"3603 Fredericksburg Rd Ste123, San Antonio, TX 78201",2108838692,,San Antonio,Texas,78201,https://www.google.com/url?sa=i&rct=j&q=&esrc=s&source=web&cd=&cad=rja&uact=8&ved=0CDgQw7AJahcKEwi4v6nyk4OBAxUAAAAAHQAAAAAQGw&url=https%3A%2F%2Fwww.facebook.com%2Finhouseproductionz210%2F&psig=AOvVaw2OFpNSFiKCz3YO-Odlb77S&ust=1693442718873665&opi=89978449,,29.4777824,-98.540046,NHPW,500,FALSE,"29.4777824, -98.540046",Custom t-shirt store,,,FALSE,,,,Free,,,,0,,,,,,,,,,"29.4777824, -98.540046",,FALSE,FALSE,FALSE,FALSE,0,0,0
Nome's Catering and Event Planning Services,"11825 West Ave #102, San Antonio, TX 78216",2105702035,,San Antonio,Texas,78216,https://nomecateringsa.com/,,29.549473,-98.5063128,NOME,500,FALSE,"29.549473, -98.5063128",Caterer,,,FALSE,,,,Free,,,,0,,,,,,,,,,"29.549473, -98.5063128",,FALSE,FALSE,FALSE,FALSE,0,0,0
Unique Lenique's Beauty Spot,"742 Northwest Loop 410 Ste 113 Rm 46, San Antonio, TX 78216",5043855751,,San Antonio,Texas,78216,http://www.ulbspot.com/,,29.5183016,-98.503885,UNIQ,500,FALSE,"29.5183016, -98.503885",Hair salon,,,FALSE,,,,Free,,,,0,,,,,,,,,,"29.5183016, -98.503885",,FALSE,FALSE,FALSE,FALSE,0,0,0
Studio 55 Luxe Beauty,"126 W Rector Dr, San Antonio, TX 78216",2102339427,,San Antonio,Texas,78216,http://studio55luxebeauty.com/,,29.5165852,-98.4949937,STUD,500,FALSE,"29.5165852, -98.4949937",Hair salon,,,FALSE,,,,Free,,,,0,,,,,,,,,,"29.5165852, -98.4949937",,FALSE,FALSE,FALSE,FALSE,0,0,0
Bez LLC,"10127 Morocco St, San Antonio, TX 78216",8002079868,,San Antonio,Texas,78216,https://www.bezllc.com/,,29.5351998,-98.492914,BEZ,500,FALSE,"29.5351998, -98.492914",Business management consultant,,,FALSE,,FALSE,FALSE,Free,3,FALSE,FALSE,0,,FALSE,FALSE,FALSE,basic,,,,FALSE,"29.5351998, -98.492914",,FALSE,FALSE,FALSE,FALSE,0,0,0
"San Antonio African American Community Archive and Museum (""say-CAM"") @ La Villita","218 S Presa St, San Antonio, TX 78205",2107243350,,San Antonio,Texas,78205,http://saaacam.org/,,29.4212672,-98.4894987,SANA,500,FALSE,"29.4212672, -98.4894987",Museum,,,FALSE,,,,Free,,,,0,,,,,,,,,,"29.4212672, -98.4894987",,FALSE,FALSE,FALSE,FALSE,0,0,0
Tony G's Soul Food,"915 S Hackberry St, San Antonio, TX 78210",2104511234,,San Antonio,Texas,78210,http://www.tonygssoulfood.com/,"Bright option for down-home Southern-style breakfasts & lunches, plus Sunday brunch & live jazz.",29.4097508,-98.4736121,TONY,500,FALSE,"29.4097508, -98.4736121",Restaurant,,,FALSE,,,,Free,,,,0,,,,,,,,,,"29.4097508, -98.4736121",,FALSE,FALSE,FALSE,FALSE,0,0,0
Black Business San Antonio,"314 N Hackberry St, San Antonio, TX 78202",,,San Antonio,Texas,78202,,,29.4231739,-98.4729075,BLAC,500,FALSE,"29.4231739, -98.4729075",Association / Organization,,,FALSE,,FALSE,FALSE,Free,3,FALSE,FALSE,0,,FALSE,FALSE,FALSE,basic,,,,FALSE,"29.4231739, -98.4729075",,FALSE,FALSE,FALSE,FALSE,0,0,0
Harmoni Salon,"332 W Sunset Rd Unit 8, San Antonio, TX 78209",2104954920,,San Antonio,Texas,78209,http://www.harmonisalons.com/,,29.5068701,-98.4723716,HARM,500,FALSE,"29.5068701, -98.4723716",Hair salon,,,FALSE,,,,Free,,,,0,,,,,,,,,,"29.5068701, -98.4723716",,FALSE,FALSE,FALSE,FALSE,0,0,0
M Noire Beauty & Wellness,"8546 Broadway #231, San Antonio, TX 78217",5304816643,,San Antonio,Texas,78217,https://www.mnoirebeautywellness.com/,,29.5183669,-98.4622506,MNOI,500,FALSE,"29.5183669, -98.4622506",Health spa,,,FALSE,,,,Free,,,,0,,,,,,,,,,"29.5183669, -98.4622506",,FALSE,FALSE,FALSE,FALSE,0,0,0
Black Contractors Association San Antonio,"2803 E Commerce St #6, San Antonio, TX 78203",2109404501,,San Antonio,Texas,78203,https://blackcontractorsa.org/,,29.4199184,-98.4469777,BLAC,500,FALSE,"29.4199184, -98.4469777",Business networking company,,,FALSE,,FALSE,FALSE,Free,3,FALSE,FALSE,0,,FALSE,FALSE,FALSE,basic,,,,FALSE,"29.4199184, -98.4469777",,FALSE,FALSE,FALSE,FALSE,0,0,0
Goldie Loc's Natural Strands Llc,"2914 Old Thousand Oaks, San Antonio, TX 78247",2108570446,,San Antonio,Texas,78247,https://www.goldielocstx.com/,,29.5763061,-98.4418924,GOLD,500,FALSE,"29.5763061, -98.4418924",Loctician service,,,FALSE,,,,Free,,,,0,,,,,,,,,,"29.5763061, -98.4418924",,FALSE,FALSE,FALSE,FALSE,0,0,0
House of RoyalT Beauty Bar & Boutique,"215 Coca-Cola Pl Ste 221, San Antonio, TX 78219",2103336001,,San Antonio,Texas,78219,https://www.thehouseofroyalt.com/,,29.4231219,-98.4403153,HOUS,500,FALSE,"29.4231219, -98.4403153",Hair salon,,,FALSE,,,,Free,,,,0,,,,,,,,,,"29.4231219, -98.4403153",,FALSE,FALSE,FALSE,FALSE,0,0,0
Mallorca Salon Studios & Suites,"2947 Thousand Oaks Dr #5, San Antonio, TX 78247",2106863210,,San Antonio,Texas,78247,https://mallorcasalonstudios.com/,,29.5787016,-98.4397155,MALL,500,FALSE,"29.5787016, -98.4397155",Hair salon,,,FALSE,,,,Free,,,,0,,,,,,,,,,"29.5787016, -98.4397155",,FALSE,FALSE,FALSE,FALSE,0,0,0
Greater Brands,"4035 Naco Perrin Blvd Suite 200 G, San Antonio, TX 78217",2105969005,,San Antonio,Texas,78217,http://www.buildgreaterbrands.com/,,29.5437585,-98.4152105,GREA,500,FALSE,"29.5437585, -98.4152105",Consultant,,,FALSE,,,,Free,,,,0,,,,,,,,,,"29.5437585, -98.4152105",,FALSE,FALSE,FALSE,FALSE,0,0,0
B Michele Branding Agency,"10615 Perrin Beitel #401, San Antonio, TX 78217",8326376611,,San Antonio,Texas,78217,https://bmichele.com/,,29.5375148,-98.411788,BMIC,500,FALSE,"29.5375148, -98.411788",Business development service,,,FALSE,,FALSE,FALSE,Free,3,FALSE,FALSE,0,,FALSE,FALSE,FALSE,basic,,,,FALSE,"29.5375148, -98.411788",,FALSE,FALSE,FALSE,FALSE,0,0,0
Momma Luv's Soul & Caribbean Food,"2427 Austin Hwy, San Antonio, TX 78218",2109770060,,San Antonio,Texas,78218,https://online.skytab.com/s/mommaluvssoul,,29.5099843,-98.4086762,MOMM,500,FALSE,"29.5099843, -98.4086762",Restaurant,,,FALSE,,,,Free,,,,0,,,,,,,,,,"29.5099843, -98.4086762",,FALSE,FALSE,FALSE,FALSE,0,0,0
La Belle African Hair Braiding LLC.,"4418 Walzem Rd, San Antonio, TX 78218",2109991777,,San Antonio,Texas,78218,http://www.labelleafricanbraids.com/,,29.5096473,-98.4071361,LABE,500,FALSE,"29.5096473, -98.4071361",Hair salon,,,FALSE,,,,Free,,,,0,,,,,,,,,,"29.5096473, -98.4071361",,FALSE,FALSE,FALSE,FALSE,0,0,0
Hair By Michael Farris,"4407 Walzem Rd #101, San Antonio, TX 78218",2106891075,,San Antonio,Texas,78218,http://www.facebook.com/thurstyroots,,29.5105687,-98.4067934,HAIR,500,FALSE,"29.5105687, -98.4067934",Hair salon,,,FALSE,,,,Free,,,,0,,,,,,,,,,"29.5105687, -98.4067934",,FALSE,FALSE,FALSE,FALSE,0,0,0
African American Chamber-Commerce,"4458 E Houston St, San Antonio, TX 78220",2104359106,,San Antonio,Texas,78220,https://www.africanamericanchambersa.org/,,29.4238339,-98.4066136,AFRI,500,FALSE,"29.4238339, -98.4066136",Chamber of Commerce,,,FALSE,,FALSE,FALSE,Free,3,FALSE,FALSE,0,,FALSE,FALSE,FALSE,basic,,,,TRUE,"29.4238339, -98.4066136",,FALSE,FALSE,FALSE,FALSE,0,0,0
Divinity Massage & Oasis Spa,"4411 Walzem Rd #207, San Antonio, TX 78218",2108840341,,San Antonio,Texas,78218,https://www.divinityoasis.com/,,29.5108754,-98.4063658,DIVI,500,FALSE,"29.5108754, -98.4063658",Day spa,,,FALSE,,,,Free,,,,0,,,,,,,,,,"29.5108754, -98.4063658",,FALSE,FALSE,FALSE,FALSE,0,0,0
J' Jireh's Salon & Hair Restoration ctr.,"4411 Walzem Rd Ste 101, San Antonio, TX 78218",2106469200,,San Antonio,Texas,78218,http://www.jjirehssalon.com/,,29.5107525,-98.4062835,J'JI,500,FALSE,"29.5107525, -98.4062835",Hair salon,,,FALSE,,,,Free,,,,0,,,,,,,,,,"29.5107525, -98.4062835",,FALSE,FALSE,FALSE,FALSE,0,0,0
"Maven Hair Studio, LLC","12521 Nacogdoches Rd Ste 106, San Antonio, TX 78217",2105770163,,San Antonio,Texas,78217,http://www.mavenhairstudio.com/,,29.5539119,-98.4038485,MAVE,500,FALSE,"29.5539119, -98.4038485",Beauty salon,,,FALSE,,,,Free,,,,0,,,,,,,,,,"29.5539119, -98.4038485",,FALSE,FALSE,FALSE,FALSE,0,0,0
Meticulous Hair Salon,"Behind Shape Shifters Barbershop, 2252 S Ww White Rd Building #2, San Antonio, TX 78222",2104786263,,San Antonio,Texas,78222,http://www.styleseat.com/monicaprice,,29.3905579,-98.4038212,METI,500,FALSE,"29.3905579, -98.4038212",Hair salon,,,FALSE,,,,Free,,,,0,,,,,,,,,,"29.3905579, -98.4038212",,FALSE,FALSE,FALSE,FALSE,0,0,0
MD305 Soulfood Catfish & Wings Mobile Food Trailer,"14092 Nacogdoches Rd, San Antonio, TX 78247",,,San Antonio,Texas,78247,http://www.md305.com/,,29.569653,-98.3826526,MD30,500,FALSE,"29.569653, -98.3826526",Food producer,,,FALSE,,,,Free,,,,0,,,,,,,,,,"29.569653, -98.3826526",,FALSE,FALSE,FALSE,FALSE,0,0,0
Lady B African Hair Braiding & Boutique,"6060 Montgomery Dr #120, San Antonio, TX 78239",2106390671,,San Antonio,Texas,78239,https://ladybhairboutique.com/,,29.5102724,-98.3688947,LADY,500,FALSE,"29.5102724, -98.3688947",Hair salon,,,FALSE,,,,Free,,,,0,,,,,,,,,,"29.5102724, -98.3688947",,FALSE,FALSE,FALSE,FALSE,0,0,0
Virgo Hair Braiding Salon | African Braiders,"6220 Binz Engleman Rd #105, San Antonio, TX 78244",2105962909,,San Antonio,Texas,78244,https://virgohairbraiding.com/?utm_source=google&utm_medium=listing,,29.4596842,-98.3677759,VIRG,500,FALSE,"29.4596842, -98.3677759",Hair salon,,,FALSE,,,,Free,,,,0,,,,,,,,,,"29.4596842, -98.3677759",,FALSE,FALSE,FALSE,FALSE,0,0,0
TA Travel Center,"6170 I-10, San Antonio, TX 78219",2103100145,,San Antonio,Texas,78219,https://www.ta-petro.com/location/tx/ta-san-antonio,,29.4432439,-98.3617454,TATR,500,FALSE,"29.4432439, -98.3617454",Truck stop,,,FALSE,,,,Free,,,,0,,,,,,,,,,"29.4432439, -98.3617454",,FALSE,FALSE,FALSE,FALSE,0,0,0
Burger King,"6359 Rittiman Rd, San Antonio, TX 78218",2109042100,,San Antonio,Texas,78218,https://burgerking.com/store-locator/store/25009,"Well-known fast-food chain serving grilled burgers, fries & shakes.",29.4810723,-98.3616915,BURG,500,FALSE,"29.4810723, -98.3616915",Fast food restaurant,,,FALSE,,TRUE,FALSE,Free,3,FALSE,FALSE,0,,FALSE,FALSE,FALSE,basic,,,,FALSE,"29.4810723, -98.3616915",,FALSE,FALSE,FALSE,FALSE,0,0,0
"INFLATABLE MOVIES & MORE, LLC","6531 Fm78 Ste #110-245, San Antonio, TX 78244",2108108511,,San Antonio,Texas,78244,,,29.4815988,-98.3597834,INFL,500,FALSE,"29.4815988, -98.3597834",Entertainment agency,,,FALSE,,,,Free,,,,0,,,,,,,,,,"29.4815988, -98.3597834",,FALSE,FALSE,FALSE,FALSE,0,0,0
The UPS Store,"6531 Fm78 Ste #110, San Antonio, TX 78244",2103101196,,San Antonio,Texas,78244,https://locations.theupsstore.com/tx/san-antonio/6531-fm-78?utm_source=Yext&utm_medium=organic&utm_campaign=Listings,"Store offering shipping, packaging, printing & other services, plus office supplies.",29.4816695,-98.3596328,UPSS,500,FALSE,"29.4816695, -98.3596328",Shipping and mailing service,,,FALSE,,,,Free,,,,0,,,,,,,,,,"29.4816695, -98.3596328",,FALSE,FALSE,FALSE,FALSE,0,0,0
Sublime Hair Salon,"6634 Binz Engleman Rd #100, Converse, TX 78109",2109948199,,Converse,Texas,78109,,,29.4627582,-98.3591507,SUBL,500,FALSE,"29.4627582, -98.3591507",Beauty salon,,,FALSE,,,,Free,,,,0,,,,,,,,,,"29.4627582, -98.3591507",,FALSE,FALSE,FALSE,FALSE,0,0,0
Meeks Cafe,"5578 N Foster Rd, San Antonio, TX 78244",2104293158,,San Antonio,Texas,78244,https://www.meekscafe.com/,,29.4775863,-98.3589583,MEEK,500,FALSE,"29.4775863, -98.3589583",Takeout Restaurant,,,FALSE,,,,Free,,,,0,,,,,,,,,,"29.4775863, -98.3589583",,FALSE,FALSE,FALSE,FALSE,0,0,0
BraidGirl Beauty Salon,"6919 Knights Haven, San Antonio, TX 78233",2533748555,,San Antonio,Texas,78233,https://sites.google.com/view/braidgirl/home,,29.5743825,-98.3520783,BRAI,500,FALSE,"29.5743825, -98.3520783",Hair salon,,,FALSE,,FALSE,FALSE,Free,3,FALSE,FALSE,0,,FALSE,FALSE,FALSE,basic,,,,FALSE,"29.5743825, -98.3520783",,FALSE,FALSE,FALSE,FALSE,0,0,0
GODDESS AFRICAN HAIR BRAIDING,"Sleepy Brook By Walzem Road, Fm78, San Antonio, TX 78244",2103100001,,San Antonio,Texas,78244,http://goddessafricanhairbraiding.wordpress.com/,,29.4915852,-98.3343883,GODD,500,FALSE,"29.4915852, -98.3343883",Hair salon,,,FALSE,,,,Free,,,,0,,,,,,,,,,"29.4915852, -98.3343883",,FALSE,FALSE,FALSE,FALSE,0,0,0
Sauce's Southern Kitchen Cajun & Creole Cuisine,"122 W Lindbergh Blvd, Universal City, TX 78148",2105776396,,Universal City,Texas,78148,https://www.saucessouthernkitchen.com/,,29.5445173,-98.2896116,SAUC,500,FALSE,"29.5445173, -98.2896116",Restaurant,,,FALSE,,,,Free,,,,0,,,,,,,,,,"29.5445173, -98.2896116",,FALSE,FALSE,FALSE,FALSE,0,0,0
Village in the Valley (ViVa),"2208 Primrose Ave W Unit J-1, Mcallen, TX 78504",9562780873,,McAllen,Texas,78504,https://villageinthevalley.org/,,26.2445112,-98.2375767,VILL,500,FALSE,"26.2445112, -98.2375767",Non-profit organization,,,FALSE,,,,Free,,,,0,,,,,,,,,,"26.2445112, -98.2375767",,FALSE,FALSE,FALSE,FALSE,0,0,0
McAllen Creative Incubator,"601 N Main St, Mcallen, TX 78501",9566872787,,McAllen,Texas,78501,http://www.mcallenincubator.com/,,26.2100168,-98.2337245,MCAL,500,FALSE,"26.2100168, -98.2337245",Performing arts group,,,FALSE,,,,Free,,,,0,,,,,,,,,,"26.2100168, -98.2337245",,FALSE,FALSE,FALSE,FALSE,0,0,0
Pay Per Lead Marketing Agency,"1117 Pecan Blvd, Mcallen, TX 78501",,,McAllen,Texas,78501,https://www.payperlead.com/mcallen-texas,,26.2179021,-98.2296017,PAYP,500,FALSE,"26.2179021, -98.2296017",Advertising agency,,,FALSE,,,,Free,,,,0,,,,,,,,,,"26.2179021, -98.2296017",,FALSE,FALSE,FALSE,FALSE,0,0,0
Thairapy x BraidsbyBeckaa,"2217 N 10Th St #1, Mcallen, TX 78501",9562468641,,McAllen,Texas,78501,http://thairapyxbbb.glossgenius.com/,,26.224003,-98.2269392,THAI,500,FALSE,"26.224003, -98.2269392",Hair salon,,,FALSE,,,,Free,,,,0,,,,,,,,,,"26.224003, -98.2269392",,FALSE,FALSE,FALSE,FALSE,0,0,0
Casa Jennings,"2405 N 10Th St, Mcallen, TX 78504",9563032560,,McAllen,Texas,78504,https://casajennings.com/,,26.2253322,-98.2267023,CASA,500,FALSE,"26.2253322, -98.2267023",Boutique,,,FALSE,,FALSE,FALSE,Free,3,FALSE,FALSE,0,,FALSE,FALSE,FALSE,basic,,,,FALSE,"26.2253322, -98.2267023",,FALSE,FALSE,FALSE,FALSE,0,0,0
Bustdown Custom Jewelers,"601 E Nolana Ave, Mcallen, TX 78504",,,McAllen,Texas,78504,https://bustdown.com/texas/custom-jewelers-mcallen,,26.2378935,-98.2075787,BUST,500,FALSE,"26.2378935, -98.2075787",Jewelry manufacturer,,,FALSE,,FALSE,FALSE,Free,3,FALSE,FALSE,0,,FALSE,FALSE,FALSE,basic,,,,FALSE,"26.2378935, -98.2075787",,FALSE,FALSE,FALSE,FALSE,0,0,0
Black Honey Coffee Co,"1519 S Mccoll Rd Ste 1, Edinburg, TX 78539",,,Edinburg,Texas,78539,,,26.292047,-98.1983579,BLAC,500,FALSE,"26.292047, -98.1983579",Coffee shop,,,FALSE,,FALSE,FALSE,Free,3,FALSE,FALSE,0,,FALSE,FALSE,FALSE,basic,,,,FALSE,"26.292047, -98.1983579",,FALSE,FALSE,FALSE,FALSE,0,0,0
Black Brew Coffee Bus 83 (Weslaco Glass Bldg),"Glass Bldg, 2731 W Business 83 B, Weslaco, TX 78596",9565760395,,Weslaco,Texas,78596,,,26.1640685,-98.0175529,BLAC,500,FALSE,"26.1640685, -98.0175529",Coffee shop,,,FALSE,,FALSE,FALSE,Free,3,FALSE,FALSE,0,,FALSE,FALSE,FALSE,basic,,,,FALSE,"26.1640685, -98.0175529",,FALSE,FALSE,FALSE,FALSE,0,0,0
Black Brew Company,"512 S Westgate Dr Ste G1, Weslaco, TX 78596",9566442304,,Weslaco,Texas,78596,http://blackbrewcompany.com/,,26.1553104,-98.0073851,BLAC,500,FALSE,"26.1553104, -98.0073851",Coffee shop,,,FALSE,,FALSE,FALSE,Free,3,FALSE,FALSE,0,,FALSE,FALSE,FALSE,basic,,,,FALSE,"26.1553104, -98.0073851",,FALSE,FALSE,FALSE,FALSE,0,0,0
Deep Roots ATX Salon Bee Cave,"15601 State Hwy 71 Ste 210, Bee Cave, TX 78738",5125058525,,Bee Cave,Texas,78738,http://www.deeprootsatxsalon.com/,,30.3167946,-97.9865525,DEEP,500,FALSE,"30.3167946, -97.9865525",Hair salon,,,FALSE,,,,Free,,,,0,,,,,,,,,,"30.3167946, -97.9865525",,FALSE,FALSE,FALSE,FALSE,0,0,0
Capelli Salon Austin,"2300 Lohmans Spur Unit 118, Austin, TX 78734",5124325429,,Austin,Texas,78734,https://capellisalondallas.com/,,30.3383559,-97.9715631,CAPE,500,FALSE,"30.3383559, -97.9715631",Hairdresser,,,FALSE,,FALSE,FALSE,Free,3,FALSE,FALSE,0,,FALSE,FALSE,FALSE,basic,,,,FALSE,"30.3383559, -97.9715631",,FALSE,FALSE,FALSE,FALSE,0,0,0
Hair Forum,"703 E Kingsbury St, Seguin, TX 78155",8303797794,,Seguin,Texas,78155,,,29.580654,-97.9580217,HAIR,500,FALSE,"29.580654, -97.9580217",Beauty salon,,,FALSE,,,,Free,,,,0,,,,,,,,,,"29.580654, -97.9580217",,FALSE,FALSE,FALSE,FALSE,0,0,0
Culture ATX Salon,"3900 Ranch Rd 620 S #102, Austin, TX 78738",5129922800,,Austin,Texas,78738,http://cultureatxsalon.com/,,30.3135657,-97.9491101,CULT,500,FALSE,"30.3135657, -97.9491101",Hair salon,,,FALSE,,,,Free,,,,0,,,,,,,,,,"30.3135657, -97.9491101",,FALSE,FALSE,FALSE,FALSE,0,0,0
Razor & Whiskey,"118 W San Antonio St, San Marcos, TX 78666",7373922567,,San Marcos,Texas,78666,http://razorandwhiskey.com/,,29.88225,-97.9418888,RAZO,500,FALSE,"29.88225, -97.9418888",Barber shop,,,FALSE,,,,Free,,,,0,,,,,,,,,,"29.88225, -97.9418888",,FALSE,FALSE,FALSE,FALSE,0,0,0
The Mack Lounge,"110 W San Antonio St, San Marcos, TX 78666",5122108446,,San Marcos,Texas,78666,http://themacklounge.booksy.com/a/,,29.882229,-97.9417013,MACK,500,FALSE,"29.882229, -97.9417013",Barber shop,,,FALSE,,,,Free,,,,0,,,,,,,,,,"29.882229, -97.9417013",,FALSE,FALSE,FALSE,FALSE,0,0,0
Blade Pink Beauty Salon,"1330 Aquarena Springs Dr Ste#115, San Marcos, TX 78666",7372134040,,San Marcos,Texas,78666,http://bladepinkbeauty.com/,,29.8921487,-97.9219639,BLAD,500,FALSE,"29.8921487, -97.9219639",Hair salon,,,FALSE,,FALSE,FALSE,Free,3,FALSE,FALSE,0,,FALSE,FALSE,FALSE,basic,,,,FALSE,"29.8921487, -97.9219639",,FALSE,FALSE,FALSE,FALSE,0,0,0
"Posh Permanent Makeup, LLC","11719 Rm 2244 Suite 101, Bee Cave, TX 78738",5122514170,,Bee Cave,Texas,78738,http://poshpermanentmakeup.com/,,30.3078566,-97.9203967,POSH,500,FALSE,"30.3078566, -97.9203967",Permanent make-up clinic,,,FALSE,,,,Free,,,,0,,,,,,,,,,"30.3078566, -97.9203967",,FALSE,FALSE,FALSE,FALSE,0,0,0
Austin Curls,"4300 N Quinlan Park Rd #200, Austin, TX 78732",5122227044,,Austin,Texas,78732,https://www.austincurls.com/locations/steiner-ranch/,,30.381816,-97.884877,AUST,500,FALSE,"30.381816, -97.884877",Hair salon,,,FALSE,,FALSE,FALSE,Free,3,FALSE,FALSE,0,,FALSE,FALSE,FALSE,basic,,,,FALSE,"30.381816, -97.884877",,FALSE,FALSE,FALSE,FALSE,0,0,0
Vizionz Hair Salon Inc,"719 N Us Hwy 183, Liberty Hill, TX 78642",5125486482,,Liberty Hill,Texas,78642,http://www.vizionzhairsalon.com/,,30.6427637,-97.8703925,VIZI,500,FALSE,"30.6427637, -97.8703925",Hair salon,,,FALSE,,,,Free,,,,0,,,,,,,,,,"30.6427637, -97.8703925",,FALSE,FALSE,FALSE,FALSE,0,0,0
Leander Beauty Supply,"Behind Leander Nutrition, 11880 Hero Way W Ste 107, Leander, TX 78641",5125285111,,Leander,Texas,78641,http://www.leanderbeautysupply.com/,,30.5779018,-97.8702335,LEAN,500,FALSE,"30.5779018, -97.8702335",Beauty supply store,,,FALSE,,,,Free,,,,0,,,,,,,,,,"30.5779018, -97.8702335",,FALSE,FALSE,FALSE,FALSE,0,0,0
Scissors & Scotch,"7415 Southwest Pkwy Building 4, Suite 200 Building 4, Austin, TX 78735",5127584520,,Austin,Texas,78735,https://scissorsscotch.com/locations/tx/austin/southwest-parkway/,,30.2551061,-97.8673385,SCIS,500,FALSE,"30.2551061, -97.8673385",Barber shop,,,FALSE,,,,Free,,,,0,,,,,,,,,,"30.2551061, -97.8673385",,FALSE,FALSE,FALSE,FALSE,0,0,0
Salon Suites & Spa,"Salon Suites & Spa 17 Personal Suites Inside, 2082 Us-183 Suite 180, Leander, TX 78641",5127621021,,Leander,Texas,78641,https://www.txsalonsuites.com/,,30.6272861,-97.865801,SALO,500,FALSE,"30.6272861, -97.865801",Hair salon,,,FALSE,,,,Free,,,,0,,,,,,,,,,"30.6272861, -97.865801",,FALSE,FALSE,FALSE,FALSE,0,0,0
Munch Munch Waffles & More,"9073 W State Hwy 29 #101, Liberty Hill, TX 78642",5124568633,,Liberty Hill,Texas,78642,https://munchmunchwaffles.com/?utm_source=google,,30.6420887,-97.8406391,MUNC,500,FALSE,"30.6420887, -97.8406391",Breakfast restaurant,,,FALSE,,,,Free,,,,0,,,,,,,,,,"30.6420887, -97.8406391",,FALSE,FALSE,FALSE,FALSE,0,0,0
Blonde + Co Salon,"11521 N Fm 620 Ste 275, Austin, TX 78726",7372674294,,Austin,Texas,78726,http://www.blondeandcoatx.com/,,30.4528825,-97.8263211,BLON,500,FALSE,"30.4528825, -97.8263211",Hair salon,,,FALSE,,FALSE,FALSE,Free,3,FALSE,FALSE,0,,FALSE,FALSE,FALSE,basic,,,,FALSE,"30.4528825, -97.8263211",,FALSE,FALSE,FALSE,FALSE,0,0,0
Winston's Kitchen,"2103 W Slaughter Ln, Austin, TX 78748",5125416282,,Austin,Texas,78748,http://www.winstonskitchenatx.com/,,30.1731959,-97.8261511,WINS,500,FALSE,"30.1731959, -97.8261511",Caribbean restaurant,,,FALSE,,,,Free,,,,0,,,,,,,,,,"30.1731959, -97.8261511",,FALSE,FALSE,FALSE,FALSE,0,0,0
Sistah Sistah Beauty Supply,"251 N Bell Blvd Ste 114-A, Cedar Park, TX 78613",5122508000,,Cedar Park,Texas,78613,http://sistahsistah.com/,,30.5111965,-97.8246847,SIST,500,FALSE,"30.5111965, -97.8246847",Beauty supply store,,,FALSE,,,,Free,,,,0,,,,,,,,,,"30.5111965, -97.8246847",,FALSE,FALSE,FALSE,FALSE,0,0,0
Danny’s barbershop,"2301 S Lakeline Blvd #400, Cedar Park, TX 78613",5122584400,,Cedar Park,Texas,78613,http://www.dannysbarbershop.us/,,30.4778168,-97.8185498,DANN,500,FALSE,"30.4778168, -97.8185498",Hair salon,,,FALSE,,,,Free,,,,0,,,,,,,,,,"30.4778168, -97.8185498",,FALSE,FALSE,FALSE,FALSE,0,0,0
Deep Roots ATX Salon Cedar Park,"1310 E Whitestone Blvd #550, Cedar Park, TX 78613",5125058525,,Cedar Park,Texas,78613,http://www.deeprootsatxsalon.com/,,30.524256,-97.814404,DEEP,500,FALSE,"30.524256, -97.814404",Hair salon,,,FALSE,,,,Free,,,,0,,,,,,,,,,"30.524256, -97.814404",,FALSE,FALSE,FALSE,FALSE,0,0,0
Brittany’s Boutique Salon LLC,"Inside Sola’S Salon, 2901 S Capital Of Texas Hwy Ste A13, Austin, 78746, Suite.40, Austin, TX 78746",5129026525,,Austin,Texas,78746,http://www.brittanysboutique.net/,,30.25914,-97.8083554,BRIT,500,FALSE,"30.25914, -97.8083554",Hair salon,,,FALSE,,FALSE,FALSE,Free,3,FALSE,FALSE,0,,FALSE,FALSE,FALSE,basic,,,,FALSE,"30.25914, -97.8083554",,FALSE,FALSE,FALSE,FALSE,0,0,0
Katy Reddell Beauty,"6000 Menchaca Rd Bldg.1, Suite 1, Austin, TX 78745",2547499947,,Austin,Texas,78745,http://www.katyreddellbeauty.com/,,30.2128845,-97.8024478,KATY,500,FALSE,"30.2128845, -97.8024478",Hair salon,,,FALSE,,,,Free,,,,0,,,,,,,,,,"30.2128845, -97.8024478",,FALSE,FALSE,FALSE,FALSE,0,0,0
Premium Fade League (Online Appointments Only),"14005 Research Blvd Ste 1200, Austin, TX 78717",,,Austin,Texas,78717,https://premiumfadeleague.com/,,30.4763759,-97.7981837,PREM,500,FALSE,"30.4763759, -97.7981837",Barber shop,,,FALSE,,,,Free,,,,0,,,,,,,,,,"30.4763759, -97.7981837",,FALSE,FALSE,FALSE,FALSE,0,0,0
It Girls Hair Studio,"14005 N Hwy 183 Ste 1200 #119, Austin, TX 78717",7139669337,,Austin,Texas,78717,http://www.itgirlshairstudio.com/,,30.4758297,-97.7977274,ITGI,500,FALSE,"30.4758297, -97.7977274",Hair salon,,,FALSE,,,,Free,,,,0,,,,,,,,,,"30.4758297, -97.7977274",,FALSE,FALSE,FALSE,FALSE,0,0,0
Bold Creationz,"13343 Us-183, Austin, TX 78750",2145869175,,Austin,Texas,78750,http://www.boldcreationz.com/,,30.4462494,-97.7862683,BOLD,500,FALSE,"30.4462494, -97.7862683",Hair salon,,,FALSE,,FALSE,FALSE,Free,3,FALSE,FALSE,0,,FALSE,FALSE,FALSE,basic,,,,FALSE,"30.4462494, -97.7862683",,FALSE,FALSE,FALSE,FALSE,0,0,0
Blonde Faith Salon,"10526 W Parmer Ln Suite 417, Austin, TX 78717",5124674717,,Austin,Texas,78717,https://www.blondefaithsalon.com/,,30.4983778,-97.7733304,BLON,500,FALSE,"30.4983778, -97.7733304",Hair salon,,,FALSE,,FALSE,FALSE,Free,3,FALSE,FALSE,0,,FALSE,FALSE,FALSE,basic,,,,FALSE,"30.4983778, -97.7733304",,FALSE,FALSE,FALSE,FALSE,0,0,0
Organic Spa Massage & SkinCare,"12850 Research Blvd, Austin, TX 78750",5126277243,,Austin,Texas,78750,http://www.organicspamassage.com/,,30.433835,-97.772243,ORGA,500,FALSE,"30.433835, -97.772243",Day spa,,,FALSE,,,,Free,,,,0,,,,,,,,,,"30.433835, -97.772243",,FALSE,FALSE,FALSE,FALSE,0,0,0
Salon Rosé,"4930 S Congress Ave Ste 307, Austin, TX 78745",5124092001,,Austin,Texas,78745,http://www.salonroseaustin.com/,,30.2128935,-97.7707793,SALO,500,FALSE,"30.2128935, -97.7707793",Hair salon,,,FALSE,,,,Free,,,,0,,,,,,,,,,"30.2128935, -97.7707793",,FALSE,FALSE,FALSE,FALSE,0,0,0
THE BLONDE LEOPARD hair studio,"2316 Enfield Rd #105, Austin, TX 78703",5129404495,,Austin,Texas,78703,http://gcotton.glossgenius.com/,,30.2888893,-97.7683583,THEB,500,FALSE,"30.2888893, -97.7683583",Hair salon,,,FALSE,,,,Free,,,,0,,,,,,,,,,"30.2888893, -97.7683583",,FALSE,FALSE,FALSE,FALSE,0,0,0
Short hair company,"Short Hair Company, 3720 S Congress Ave B, Austin, TX 78704",5123827385,,Austin,Texas,78704,http://www.shorthaircompany.com/,,30.226244,-97.762394,SHOR,500,FALSE,"30.226244, -97.762394",Barber shop,,,FALSE,,,,Free,,,,0,,,,,,,,,,"30.226244, -97.762394",,FALSE,FALSE,FALSE,FALSE,0,0,0
Black Orchid Salon,"3801 S Congress Ave Ste 105, Austin, TX 78704",5123261010,,Austin,Texas,78704,http://www.blackorchidsalon.com/,,30.2257595,-97.7621112,BLAC,500,FALSE,"30.2257595, -97.7621112",Hair salon,,,FALSE,,FALSE,FALSE,Free,3,FALSE,FALSE,0,,FALSE,FALSE,FALSE,basic,,,,FALSE,"30.2257595, -97.7621112",,FALSE,FALSE,FALSE,FALSE,0,0,0
SHED Barber and Supply Bouldin,"2210 S 1St St, Austin, TX 78704",5123053915,,Austin,Texas,78704,https://shedbarber.com/locations/bouldin/?utm_source=GMB&utm_medium=organic&utm_campaign=GMB_Bouldin,"Haircuts & hot-towel shaves offered in a trendy, vintage-chic barbershop with beer & music.",30.2440526,-97.7586493,SHED,500,FALSE,"30.2440526, -97.7586493",Barber shop,,,FALSE,,,,Free,,,,0,,,,,,,,,,"30.2440526, -97.7586493",,FALSE,FALSE,FALSE,FALSE,0,0,0
Golden Soul Salon,"300 S Lamar Blvd, Austin, TX 78704",5122849048,,Austin,Texas,78704,https://goldensoulsalon.zoca.com/?utm_source=googlemaps&utm_medium=googlemaps&utm_campaign=googlemaps,,30.2625896,-97.7581627,GOLD,500,FALSE,"30.2625896, -97.7581627",Hair salon,,,FALSE,,,,Free,,,,0,,,,,,,,,,"30.2625896, -97.7581627",,FALSE,FALSE,FALSE,FALSE,0,0,0
Med Physique Center For Aesthetics,"6101 Balcones Dr #100, Austin, TX 78731",5124537000,,Austin,Texas,78731,http://medphysique.com/,,30.343314,-97.7530828,MEDP,500,FALSE,"30.343314, -97.7530828",Skin care clinic,,,FALSE,,,,Free,,,,0,,,,,,,,,,"30.343314, -97.7530828",,FALSE,FALSE,FALSE,FALSE,0,0,0
KaRu Salon,"6101 Balcones Dr Ste 101, Austin, TX 78731",5122013993,,Austin,Texas,78731,http://www.karusalon.com/,,30.3433545,-97.7530359,KARU,500,FALSE,"30.3433545, -97.7530359",Hair salon,,,FALSE,,,,Free,,,,0,,,,,,,,,,"30.3433545, -97.7530359",,FALSE,FALSE,FALSE,FALSE,0,0,0
Pizzariffic,"714 N Washington St, Beeville, TX 78102",3613585347,,Beeville,Texas,78102,https://m.facebook.com/pizzarriffic,,28.4080504,-97.752555,PIZZ,500,FALSE,"28.4080504, -97.752555",Pizza restaurant,,,FALSE,,,,Free,,,,0,,,,,,,,,,"28.4080504, -97.752555",,FALSE,FALSE,FALSE,FALSE,0,0,0
milk + honey | Arboretum Market,"9722 Great Hills Trl #210, Austin, TX 78759",5122361115,,Austin,Texas,78759,https://milkandhoneyspa.com/?utm_source=google&utm_medium=organic&utm_campaign=gmb-listing&utm_content=arboretum,,30.39533,-97.751871,MILK,500,FALSE,"30.39533, -97.751871",Hair salon,,,FALSE,,,,Free,,,,0,,,,,,,,,,"30.39533, -97.751871",,FALSE,FALSE,FALSE,FALSE,0,0,0
Birds Barbershop,"1902 S Congress Ave, Austin, TX 78704",5124450500,,Austin,Texas,78704,http://www.birdsbarbershop.com/,,30.2449513,-97.7516182,BIRD,500,FALSE,"30.2449513, -97.7516182",Hair salon,,,FALSE,,FALSE,FALSE,Free,3,FALSE,FALSE,0,,FALSE,FALSE,FALSE,basic,,,,FALSE,"30.2449513, -97.7516182",,FALSE,FALSE,FALSE,FALSE,0,0,0
Black Butterfly Bath & Body,"6711 Meadow Lake Blvd, Austin, TX 78744",,,Austin,Texas,78744,http://www.shopblackbutterfly.com/,,30.1794833,-97.7512831,BLAC,500,FALSE,"30.1794833, -97.7512831",Boutique,,,FALSE,,FALSE,FALSE,Free,3,FALSE,FALSE,0,,FALSE,FALSE,FALSE,basic,,,,FALSE,"30.1794833, -97.7512831",,FALSE,FALSE,FALSE,FALSE,0,0,0
The Salon at The Arboretum,"10000 Research Blvd Ste 122, Austin, TX 78758",5128328000,,Austin,Texas,78758,https://salonatthearboretum.com/,,30.3919774,-97.7485363,SALO,500,FALSE,"30.3919774, -97.7485363",Hair salon,,,FALSE,,,,Free,,,,0,,,,,,,,,,"30.3919774, -97.7485363",,FALSE,FALSE,FALSE,FALSE,0,0,0
Green Alley Salon,"6905 Dallas Dr, Austin, TX 78729",5123319555,,Austin,Texas,78729,http://www.greenalleysalon.com/,,30.4488199,-97.7485126,GREE,500,FALSE,"30.4488199, -97.7485126",Hair salon,,,FALSE,,,,Free,,,,0,,,,,,,,,,"30.4488199, -97.7485126",,FALSE,FALSE,FALSE,FALSE,0,0,0
Hair Mission,"9828 Great Hills Trl #550, Located In Salon Lofts, Suite # 4, Austin, TX 78759",5123823969,,Austin,Texas,78759,http://kentran0930.wixsite.com/wwwhairmissioncom,,30.3957105,-97.7476932,HAIR,500,FALSE,"30.3957105, -97.7476932",Hair salon,,,FALSE,,,,Free,,,,0,,,,,,,,,,"30.3957105, -97.7476932",,FALSE,FALSE,FALSE,FALSE,0,0,0
Bougieblendz BARBER STUDIO,"9828 Great Hills Trl #550, Austin, TX 78759",7379773081,,Austin,Texas,78759,https://book.thecut.co/bougieblendz,,30.3959268,-97.7471203,BOUG,500,FALSE,"30.3959268, -97.7471203",Barber shop,,,FALSE,,FALSE,FALSE,Free,3,FALSE,FALSE,0,,FALSE,FALSE,FALSE,basic,,,,FALSE,"30.3959268, -97.7471203",,FALSE,FALSE,FALSE,FALSE,0,0,0
Electrolysis by International Beauty Center.,"8140 N Mopac Expy Bldg 2. Suite 260, Austin, TX 78759",5125223783,,Austin,Texas,78759,http://www.beautycenterinc.com/,,30.3670832,-97.7444747,ELEC,500,FALSE,"30.3670832, -97.7444747",Electrolysis hair removal service,,,FALSE,,,,Free,,,,0,,,,,,,,,,"30.3670832, -97.7444747",,FALSE,FALSE,FALSE,FALSE,0,0,0
New Origin Shop,"2801 I-35, Austin, TX 78741",,,Austin,Texas,78741,http://www.neworigin.shop/,,30.2274124,-97.7436677,NEWO,500,FALSE,"30.2274124, -97.7436677",Fashion accessories store,,,FALSE,,,,Free,,,,0,,,,,,,,,,"30.2274124, -97.7436677",,FALSE,FALSE,FALSE,FALSE,0,0,0
The Gents Place Barbershop Austin,"10225 Research Blvd #310, Austin, TX 78759",5128949866,,Austin,Texas,78759,https://thegentsplace.com/service_location/austin-greathills-tx/,,30.3944459,-97.7435617,GENT,500,FALSE,"30.3944459, -97.7435617",Hair salon,,,FALSE,,,,Free,,,,0,,,,,,,,,,"30.3944459, -97.7435617",,FALSE,FALSE,FALSE,FALSE,0,0,0
Smooshine,"3016 Guadalupe St B-100, Austin, TX 78705",5125856919,,Austin,Texas,78705,http://www.smooshine.com/,,30.2973862,-97.7417076,SMOO,500,FALSE,"30.2973862, -97.7417076",Hair salon,,,FALSE,,,,Free,,,,0,,,,,,,,,,"30.2973862, -97.7417076",,FALSE,FALSE,FALSE,FALSE,0,0,0
Honest Barber,"5436 Burnet Rd, Austin, TX 78756",5125931397,,Austin,Texas,78756,http://honestbarberatx.com/,,30.3294576,-97.7401812,HONE,500,FALSE,"30.3294576, -97.7401812",Barber shop,,,FALSE,,,,Free,,,,0,,,,,,,,,,"30.3294576, -97.7401812",,FALSE,FALSE,FALSE,FALSE,0,0,0
"Black Parade Beauty Company, LLC","9333 Research Blvd Rm 15 # 280, Austin, TX 78759",5122579942,,Austin,Texas,78759,http://blackparadebeautyco.com/,,30.3839984,-97.7398516,BLAC,500,FALSE,"30.3839984, -97.7398516",Waxing hair removal service,,,FALSE,,FALSE,FALSE,Free,3,FALSE,FALSE,0,,FALSE,FALSE,FALSE,basic,,,,FALSE,"30.3839984, -97.7398516",,FALSE,FALSE,FALSE,FALSE,0,0,0
Ritual Salon,"4800 Burnet Rd #430, Austin, TX 78756",5123910010,,Austin,Texas,78756,https://ritualsalonaustin.com/,,30.318789,-97.739628,RITU,500,FALSE,"30.318789, -97.739628",Hair salon,,,FALSE,,,,Free,,,,0,,,,,,,,,,"30.318789, -97.739628",,FALSE,FALSE,FALSE,FALSE,0,0,0
Bishops Cuts/Color,"4811 Woodrow Ave Ste 103, Austin, TX 78756",5125519560,,Austin,Texas,78756,https://bishops.co/locations/austin-buro/,,30.3194817,-97.7388764,BISH,500,FALSE,"30.3194817, -97.7388764",Hair salon,,,FALSE,,FALSE,FALSE,Free,3,FALSE,FALSE,0,,FALSE,FALSE,FALSE,basic,,,,FALSE,"30.3194817, -97.7388764",,FALSE,FALSE,FALSE,FALSE,0,0,0
Birds Barbershop,"6800 Burnet Rd #7, Austin, TX 78757",5124541200,,Austin,Texas,78757,http://www.birdsbarbershop.com/,,30.344151,-97.738573,BIRD,500,FALSE,"30.344151, -97.738573",Hair salon,,,FALSE,,FALSE,FALSE,Free,3,FALSE,FALSE,0,,FALSE,FALSE,FALSE,basic,,,,FALSE,"30.344151, -97.738573",,FALSE,FALSE,FALSE,FALSE,0,0,0
Bang Bang,"6701 Burnet Rd #100, Austin, TX 78757",5125920342,,Austin,Texas,78757,http://bangbangatx.com/,,30.3418403,-97.7384722,BANG,500,FALSE,"30.3418403, -97.7384722",Hair salon,,,FALSE,,FALSE,FALSE,Free,3,FALSE,FALSE,0,,FALSE,FALSE,FALSE,basic,,,,FALSE,"30.3418403, -97.7384722",,FALSE,FALSE,FALSE,FALSE,0,0,0
Edge Salon Suites,"7817 Rockwood Ln #200, Austin, TX 78757",5127895908,,Austin,Texas,78757,http://edgesalonandsuites.com/,,30.3587472,-97.7381091,EDGE,500,FALSE,"30.3587472, -97.7381091",Beauty salon,,,FALSE,,,,Free,,,,0,,,,,,,,,,"30.3587472, -97.7381091",,FALSE,FALSE,FALSE,FALSE,0,0,0
Black Pearl Books,"7112 Burnet Rd, Austin, TX 78757",5129029717,,Austin,Texas,78757,https://blackpearlbookstore.com/,,30.3479692,-97.7363021,BLAC,500,FALSE,"30.3479692, -97.7363021",Book store,,,FALSE,,FALSE,FALSE,Free,3,FALSE,FALSE,0,,FALSE,FALSE,FALSE,basic,,,,FALSE,"30.3479692, -97.7363021",,FALSE,FALSE,FALSE,FALSE,0,0,0
Garbo A Salon and Spa Northcross,"7739 Northcross Dr K, Austin, TX 78757",5124584162,,Austin,Texas,78757,https://garboasalon.com/,,30.3558971,-97.7358793,GARB,500,FALSE,"30.3558971, -97.7358793",Hair salon,,,FALSE,,,,Free,,,,0,,,,,,,,,,"30.3558971, -97.7358793",,FALSE,FALSE,FALSE,FALSE,0,0,0
WINDY HAIR SALON ORIGINAL,"7301 Burnet Rd Ste 106 , Studio 23, Austin, TX 78757",7374002334,,Austin,Texas,78757,https://www.instagram.com/windyhairsalon,,30.3485039,-97.7345251,WIND,500,FALSE,"30.3485039, -97.7345251",Hair salon,,,FALSE,,,,Free,,,,0,,,,,,,,,,"30.3485039, -97.7345251",,FALSE,FALSE,FALSE,FALSE,0,0,0
Walgreens,"4501 Guadalupe St Walgreens, Austin, TX 78751",5123236098,,Austin,Texas,78751,https://www.walgreens.com/locator/walgreens-4501+guadalupe+st-austin-tx-78751/id=4704,"Drugstore chain with health & beauty aids, prescriptions & photo services, plus mini-mart basics.",30.3110187,-97.7325283,WALG,500,FALSE,"30.3110187, -97.7325283",Beauty supply store,,,FALSE,,,,Free,,,,0,,,,,,,,,,"30.3110187, -97.7325283",,FALSE,FALSE,FALSE,FALSE,0,0,0
LUX Beauty & Bridal,"10515 N Mopac Expy Ste 320, Austin, TX 78759",9033544821,,Austin,Texas,78759,http://www.luxbeautyandbridal.com/,,30.391729,-97.731274,LUXB,500,FALSE,"30.391729, -97.731274",Beauty salon,,,FALSE,,,,Free,,,,0,,,,,,,,,,"30.391729, -97.731274",,FALSE,FALSE,FALSE,FALSE,0,0,0
Jacque's Beauty Salon,"4841 Williams Dr Building 107, Suite 16, Georgetown, TX 78628",5128698576,,Georgetown,Texas,78628,,,30.6948774,-97.730982,JACQ,500,FALSE,"30.6948774, -97.730982",Beauty salon,,,FALSE,,,,Free,,,,0,,,,,,,,,,"30.6948774, -97.730982",,FALSE,FALSE,FALSE,FALSE,0,0,0
Greater Austin Black Chamber of Commerce,"912 E 11Th St Suite A, Austin, TX 78702",5124591181,,Austin,Texas,78702,http://www.austinbcc.org/,,30.2701024,-97.7308731,GREA,500,FALSE,"30.2701024, -97.7308731",Association / Organization,,,FALSE,,,,Free,,,,0,,,,,,,,,,"30.2701024, -97.7308731",,FALSE,FALSE,FALSE,FALSE,0,0,0
Health Spa,"15908 Ranch Rd 620 N Ste B, Austin, TX 78717",5129207345,,Austin,Texas,78717,,,30.4887199,-97.7302379,HEAL,500,FALSE,"30.4887199, -97.7302379",Massage spa,,,FALSE,,,,Free,,,,0,,,,,,,,,,"30.4887199, -97.7302379",,FALSE,FALSE,FALSE,FALSE,0,0,0
Muse Coffee Co LLC,"5201 N Lamar Blvd, Austin, TX 78751",8443313684,,Austin,Texas,78751,http://brewedatmuse.com/,,30.3196148,-97.7299577,MUSE,500,FALSE,"30.3196148, -97.7299577",Coffee stand,,,FALSE,,,,Free,,,,0,,,,,,,,,,"30.3196148, -97.7299577",,FALSE,FALSE,FALSE,FALSE,0,0,0
Avenue Five Institute,"8620 Burnet Rd #300, Austin, TX 78757",5129682835,,Austin,Texas,78757,http://www.avenuefive.edu/,,30.3693253,-97.7288999,AVEN,500,FALSE,"30.3693253, -97.7288999",Hair salon,,,FALSE,,FALSE,FALSE,Free,3,FALSE,FALSE,0,,FALSE,FALSE,FALSE,basic,,,,FALSE,"30.3693253, -97.7288999",,FALSE,FALSE,FALSE,FALSE,0,0,0
Innovation Black Chamber of Commerce,"205 E Avenue D, Killeen, TX 76541",2544159951,,Killeen,Texas,76541,http://www.innovationbcc.org/,,31.1205585,-97.7286274,INNO,500,FALSE,"31.1205585, -97.7286274",Non-profit organization,,,FALSE,,,,Free,,,,0,,,,,,,,,,"31.1205585, -97.7286274",,FALSE,FALSE,FALSE,FALSE,0,0,0
The Hair Lounge,"1900 E Elms Rd Ste 105, Killeen, TX 76542",2545013930,,Killeen,Texas,76542,http://www.thehairloungectx.com/,"Bright, colorful hair salon for men's, women's & kids' cuts, plus styling, blowouts & extensions.",31.0777549,-97.7281126,HAIR,500,FALSE,"31.0777549, -97.7281126",Beauty salon,,,FALSE,,,,Free,,,,0,,,,,,,,,,"31.0777549, -97.7281126",,FALSE,FALSE,FALSE,FALSE,0,0,0
Events Unleashed,"5540 N Lamar Blvd #29, Austin, TX 78756",5122708796,,Austin,Texas,78756,https://www.eventsunleashed.com/,,30.324639,-97.7278862,EVEN,500,FALSE,"30.324639, -97.7278862",Event planner,,,FALSE,,,,Free,,,,0,,,,,,,,,,"30.324639, -97.7278862",,FALSE,FALSE,FALSE,FALSE,0,0,0
Charm's African Hair Braiding & Weaving,"9063 Research Blvd Ste 203, Austin, TX 78758",5125525972,,Austin,Texas,78758,,,30.3745417,-97.7272333,CHAR,500,FALSE,"30.3745417, -97.7272333",Beauty salon,,,FALSE,,FALSE,FALSE,Free,3,FALSE,FALSE,0,,FALSE,FALSE,FALSE,basic,,,,FALSE,"30.3745417, -97.7272333",,FALSE,FALSE,FALSE,FALSE,0,0,0
Anything’s Baked Potato,"1326 Rosewood Ave, Austin, TX 78702",5122437702,,Austin,Texas,78702,https://www.anythingsaustin.com/,,30.2690162,-97.7246441,ANYT,500,FALSE,"30.2690162, -97.7246441",Restaurant,,,FALSE,,FALSE,FALSE,Free,3,FALSE,FALSE,0,,FALSE,FALSE,FALSE,basic,,,,FALSE,"30.2690162, -97.7246441",,FALSE,FALSE,FALSE,FALSE,0,0,0
Cocolevio LLC,"1800 E 4Th St, Austin, TX 78702",5122225730,,Austin,Texas,78702,https://cocolevio.com/,,30.2599639,-97.7235013,COCO,500,FALSE,"30.2599639, -97.7235013",Software company,,,FALSE,,FALSE,FALSE,Free,3,FALSE,FALSE,0,,FALSE,FALSE,FALSE,basic,,,,FALSE,"30.2599639, -97.7235013",,FALSE,FALSE,FALSE,FALSE,0,0,0
Kicking It ATX,"3200 Palm Way #156, Austin, TX 78758",5125205558,,Austin,Texas,78758,https://kickingitatx.com/,,30.4033765,-97.7231411,KICK,500,FALSE,"30.4033765, -97.7231411",Shoe store,,,FALSE,,,,Free,,,,0,,,,,,,,,,"30.4033765, -97.7231411",,FALSE,FALSE,FALSE,FALSE,0,0,0
Jose Luis Salon-Domain Northside,"3100 Esperanza Crossing Suite 124, Austin, TX 78758",5124741146,,Austin,Texas,78758,http://www.joseluissalon.com/,,30.4000561,-97.7230677,JOSE,500,FALSE,"30.4000561, -97.7230677",Hair salon,,,FALSE,,,,Free,,,,0,,,,,,,,,,"30.4000561, -97.7230677",,FALSE,FALSE,FALSE,FALSE,0,0,0
Dia's Market,"812 Justin Ln, Austin, TX 78757",5125205115,,Austin,Texas,78757,http://www.diasmarket.com/,,30.3374065,-97.7203908,DIA',500,FALSE,"30.3374065, -97.7203908",Gourmet grocery store,,,FALSE,,,,Free,,,,0,,,,,,,,,,"30.3374065, -97.7203908",,FALSE,FALSE,FALSE,FALSE,0,0,0
Hoover's Cooking,"2002 Manor Rd, Austin, TX 78722",5124795006,,Austin,Texas,78722,https://hooverscooking.com/?utm_source=google,"Chicken-fried steak, pork ribs, sandwiches & sides are the calling cards of this Southern kitchen.",30.2844194,-97.7201592,HOOV,500,FALSE,"30.2844194, -97.7201592",Southern restaurant (US),,,FALSE,,,,Free,,,,0,,,,,,,,,,"30.2844194, -97.7201592",,FALSE,FALSE,FALSE,FALSE,0,0,0
Loc's 101 Dreadlock Studio,"1105 Chicon St, Austin, TX 78702",5123187367,,Austin,Texas,78702,https://www.facebook.com/locs101studio,,30.2665494,-97.7201561,LOC',500,FALSE,"30.2665494, -97.7201561",Hair salon,,,FALSE,,,,Free,,,,0,,,,,,,,,,"30.2665494, -97.7201561",,FALSE,FALSE,FALSE,FALSE,0,0,0
Whole Lotta Soul,"Pickup @ Expo Window, 3400 Comsouth Dr, Austin, TX 78744",7373346797,,Austin,Texas,78744,https://www.orderwholelottasoul.com/,,30.21258,-97.7200951,WHOL,500,FALSE,"30.21258, -97.7200951",Restaurant,,,FALSE,,,,Free,,,,0,,,,,,,,,,"30.21258, -97.7200951",,FALSE,FALSE,FALSE,FALSE,0,0,0
Capital Movers Texas,"2715 Sam Bass Rd #561, Round Rock, TX 78681",5125513147,,Round Rock,Texas,78681,http://capitalmoverstexas.com/,,30.5294249,-97.7192735,CAPI,500,FALSE,"30.5294249, -97.7192735",Mover,,,FALSE,,FALSE,FALSE,Free,3,FALSE,FALSE,0,,FALSE,FALSE,FALSE,basic,,,,FALSE,"30.5294249, -97.7192735",,FALSE,FALSE,FALSE,FALSE,0,0,0
Austin Daiquiri Factory,"2000 E 12Th St, Austin, TX 78702",5129533519,,Austin,Texas,78702,http://www.austindaiquirifactory.com/,,30.2741042,-97.718834,AUST,500,FALSE,"30.2741042, -97.718834",Cocktail bar,,,FALSE,,FALSE,FALSE,Free,3,FALSE,FALSE,0,,FALSE,FALSE,FALSE,basic,,,,FALSE,"30.2741042, -97.718834",,FALSE,FALSE,FALSE,FALSE,0,0,0
Tax Boss Family LLC,"2100 S W S Young Dr #1544, Killeen, TX 76543",2542752020,,Killeen,Texas,76543,http://www.taxbossfamily.com/,,31.0933157,-97.7184497,TAXB,500,FALSE,"31.0933157, -97.7184497",Tax preparation service,,,FALSE,,,,Free,,,,0,,,,,,,,,,"31.0933157, -97.7184497",,FALSE,FALSE,FALSE,FALSE,0,0,0
E&G HAIR BRAIDING,"7600 N Lamar Blvd # B, Austin, TX 78752",5128503801,,Austin,Texas,78752,http://www.eghairbraidings.com/,,30.3444526,-97.7152417,E&GH,500,FALSE,"30.3444526, -97.7152417",Hair salon,,,FALSE,,,,Free,,,,0,,,,,,,,,,"30.3444526, -97.7152417",,FALSE,FALSE,FALSE,FALSE,0,0,0
Chef Gil & Co.,"8309 Research Blvd, Austin, TX 78758",5125078497,,Austin,Texas,78758,https://www.chefgilco.com/,,30.3561322,-97.7148334,CHEF,500,FALSE,"30.3561322, -97.7148334",Caterer,,,FALSE,,FALSE,FALSE,Free,3,FALSE,FALSE,0,,FALSE,FALSE,FALSE,basic,,,,FALSE,"30.3561322, -97.7148334",,FALSE,FALSE,FALSE,FALSE,0,0,0
Colberts Culinary Creations LLC,"8309 Research Blvd Ste B, Austin, TX 78758",2059831042,,Austin,Texas,78758,http://colbertsculinarycreation.com/,,30.3561322,-97.7148334,COLB,500,FALSE,"30.3561322, -97.7148334",Caterer,,,FALSE,,FALSE,FALSE,Free,3,FALSE,FALSE,0,,FALSE,FALSE,FALSE,basic,,,,FALSE,"30.3561322, -97.7148334",,FALSE,FALSE,FALSE,FALSE,0,0,0
Aveda Arts & Sciences Institute Austin,"6001 Middle Fiskville Rd, Austin, TX 78752",5123208080,,Austin,Texas,78752,https://avedaarts.edu/locations/austin/?utm_source=google&utm_medium=organic&utm_content=main_button&utm_campaign=gmb,,30.3224933,-97.7090519,AVED,500,FALSE,"30.3224933, -97.7090519",Beauty salon,,,FALSE,,FALSE,FALSE,Free,3,FALSE,FALSE,0,,FALSE,FALSE,FALSE,basic,,,,FALSE,"30.3224933, -97.7090519",,FALSE,FALSE,FALSE,FALSE,0,0,0
Ovations by Vicki Lynn,"6406 N Interstate 35 Frontage Rd Ste #2300 Room #105 A, Austin, TX 78752",5122960760,,Austin,Texas,78752,https://iamvickilynn.com/,,30.3252472,-97.7085157,OVAT,500,FALSE,"30.3252472, -97.7085157",Beauty salon,,,FALSE,,,,Free,,,,0,,,,,,,,,,"30.3252472, -97.7085157",,FALSE,FALSE,FALSE,FALSE,0,0,0
LE Meals,"5610 N Interstate Hwy 35, Austin, TX 78751",5127369174,,Austin,Texas,78751,https://www.lemeals.net/,Organic Gullah-Geechee fusion food & drinks prepared for takeaway & delivery.,30.3161497,-97.7084916,LEME,500,FALSE,"30.3161497, -97.7084916",Food producer,,,FALSE,,,,Free,,,,0,,,,,,,,,,"30.3161497, -97.7084916",,FALSE,FALSE,FALSE,FALSE,0,0,0
The Mirror and I Salon,"2000 Sam Bass Rd #102, Round Rock, TX 78681",5128528140,,Round Rock,Texas,78681,https://www.themirrorandi.com/,,30.5247101,-97.7066621,MIRR,500,FALSE,"30.5247101, -97.7066621",Beauty salon,,,FALSE,,,,Free,,,,0,,,,,,,,,,"30.5247101, -97.7066621",,FALSE,FALSE,FALSE,FALSE,0,0,0
Supreme Beauty Supply,"6021 N Interstate 35 Frontage Rd, Austin, TX 78723",5122916662,,Austin,Texas,78723,https://instagram.com/supremebeauty_austin?igshid=MzNlNGNkZWQ4Mg==,,30.3211183,-97.7056697,SUPR,500,FALSE,"30.3211183, -97.7056697",Beauty supply store,,,FALSE,,,,Free,,,,0,,,,,,,,,,"30.3211183, -97.7056697",,FALSE,FALSE,FALSE,FALSE,0,0,0
Inspired Designs Hair Salon & Barbershop Gran'D Palace,"4001 E Stan Schlueter Loop Ste 104, Killeen, TX 76542",2546802887,,Killeen,Texas,76542,https://inspireddesignshairsalonandbarber.com/,,31.0760835,-97.7048429,INSP,500,FALSE,"31.0760835, -97.7048429",Hair salon,,,FALSE,,,,Free,,,,0,,,,,,,,,,"31.0760835, -97.7048429",,FALSE,FALSE,FALSE,FALSE,0,0,0
Ghost Hookah Lounge,"13717 Burnet Rd #325, Austin, TX 78727",7372336122,,Austin,Texas,78727,,,30.4376925,-97.6978,GHOS,500,FALSE,"30.4376925, -97.6978",Hookah bar,,,FALSE,,,,Free,,,,0,,,,,,,,,,"30.4376925, -97.6978",,FALSE,FALSE,FALSE,FALSE,0,0,0
Nyam,"730 Shady Ln, Austin, TX 78702",7372313436,,Austin,Texas,78702,http://www.nyamcuisine.com/,,30.2544984,-97.6970176,NYAM,500,FALSE,"30.2544984, -97.6970176",Caribbean restaurant,,,FALSE,,,,Free,,,,0,,,,,,,,,,"30.2544984, -97.6970176",,FALSE,FALSE,FALSE,FALSE,0,0,0
Yvelise’s Hair Braiding Style LLC,"7309 Cameron Rd, Austin, TX 78752",7377085874,,Austin,Texas,78752,https://yveliseshairbraidingstyles.com/?utm_source=omg-gbp&utm_medium=webclick,,30.3283163,-97.690196,YVEL,500,FALSE,"30.3283163, -97.690196",Hair salon,,,FALSE,,,,Free,,,,0,,,,,,,,,,"30.3283163, -97.690196",,FALSE,FALSE,FALSE,FALSE,0,0,0
BRAIDS BY MIMEE (Sew-Ins • Quick Weaves • In-Salon & Mobile Available),"9038 N Interstate Hwy 35 Unit 2B, Austin, TX 78753",5129200015,,Austin,Texas,78753,https://www.hairleganzabeautybar.com/,,30.3562876,-97.6901906,BRAI,500,FALSE,"30.3562876, -97.6901906",Hair salon,,,FALSE,,FALSE,FALSE,Free,3,FALSE,FALSE,0,,FALSE,FALSE,FALSE,basic,,,,FALSE,"30.3562876, -97.6901906",,FALSE,FALSE,FALSE,FALSE,0,0,0
Premium Barber Company,"Salons By Jc, 940 W University Ave #105, Georgetown, TX 78626",5122691046,,Georgetown,Texas,78626,http://premiumbarbercompany.square.site/,,30.6310715,-97.6894225,PREM,500,FALSE,"30.6310715, -97.6894225",Barber shop,,,FALSE,,,,Free,,,,0,,,,,,,,,,"30.6310715, -97.6894225",,FALSE,FALSE,FALSE,FALSE,0,0,0
FroFessionals,"1 Chisholm Trail Rd Suite 450, Round Rock, TX 78681",7372452785,,Round Rock,Texas,78681,http://frofessionals.com/,,30.5139502,-97.6887838,FROF,500,FALSE,"30.5139502, -97.6887838",Advertising agency,,,FALSE,,,,Free,,,,0,,,,,,,,,,"30.5139502, -97.6887838",,FALSE,FALSE,FALSE,FALSE,0,0,0
Zee Hair Braiding & Beauty Supply,"7517 Cameron Rd #118, Austin, TX 78752",5129032088,,Austin,Texas,78752,https://www.fresha.com/book-now/zee-beauty-studio-kmc628cq/all-offer?share=true&pId=2827534,,30.3295202,-97.6884713,ZEEH,500,FALSE,"30.3295202, -97.6884713",Hair salon,,,FALSE,,,,Free,,,,0,,,,,,,,,,"30.3295202, -97.6884713",,FALSE,FALSE,FALSE,FALSE,0,0,0
The Salon Professional Academy Georgetown,"901 N Interstate Hwy 35 #102, Georgetown, TX 78626",5128688079,,Georgetown,Texas,78626,https://www.tspageorgetown.com/,,30.6357017,-97.6881292,SALO,500,FALSE,"30.6357017, -97.6881292",Hair salon,,,FALSE,,,,Free,,,,0,,,,,,,,,,"30.6357017, -97.6881292",,FALSE,FALSE,FALSE,FALSE,0,0,0
JT's Grooming,"201 University Oaks Blvd Unit 300 Suite 13, Round Rock, TX 78665",5129254086,,Round Rock,Texas,78665,http://www.jts-grooming.com/,,30.5552608,-97.6879243,JT'S,500,FALSE,"30.5552608, -97.6879243",Barber shop,,,FALSE,,,,Free,,,,0,,,,,,,,,,"30.5552608, -97.6879243",,FALSE,FALSE,FALSE,FALSE,0,0,0
Mama’z Soul Kitchen,"5903 Wellington Dr, Austin, TX 78723",5124364363,,Austin,Texas,78723,https://www.facebook.com/profile.php/?id=100063574812396,,30.3121512,-97.6878159,MAMA,500,FALSE,"30.3121512, -97.6878159",Restaurant,,,FALSE,,,,Free,,,,0,,,,,,,,,,"30.3121512, -97.6878159",,FALSE,FALSE,FALSE,FALSE,0,0,0
Central Texas Beauty College,"1400 N Mays St, Round Rock, TX 78664",5122442235,,Round Rock,Texas,78664,http://www.centraltexasbeautycollege.com/,,30.5207765,-97.6849095,CENT,500,FALSE,"30.5207765, -97.6849095",Hair salon,,,FALSE,,FALSE,FALSE,Free,3,FALSE,FALSE,0,,FALSE,FALSE,FALSE,basic,,,,FALSE,"30.5207765, -97.6849095",,FALSE,FALSE,FALSE,FALSE,0,0,0
YOYO Barbershop,"11601 N Lamar Blvd, Austin, TX 78753",5124177583,,Austin,Texas,78753,,,30.3848399,-97.6845566,YOYO,500,FALSE,"30.3848399, -97.6845566",Barber shop,,,FALSE,,,,Free,,,,0,,,,,,,,,,"30.3848399, -97.6845566",,FALSE,FALSE,FALSE,FALSE,0,0,0
JaeUndreas Natural Hair Care Salon,"1536 E Anderson Ln, Austin, TX 78752",5123825007,,Austin,Texas,78752,https://jaeundreas.net/,,30.332649,-97.6845295,JAEU,500,FALSE,"30.332649, -97.6845295",Hair salon,,,FALSE,,,,Free,,,,0,,,,,,,,,,"30.332649, -97.6845295",,FALSE,FALSE,FALSE,FALSE,0,0,0
Lejeune Skin & Body Care,"301 Hesters Crossing Rd Suite 140, Building A, Round Rock, TX 78681",5129682847,,Round Rock,Texas,78681,https://www.lejeuneskinspa.com/,,30.4868997,-97.6803741,LEJE,500,FALSE,"30.4868997, -97.6803741",Facial spa,,,FALSE,,,,Free,,,,0,,,,,,,,,,"30.4868997, -97.6803741",,FALSE,FALSE,FALSE,FALSE,0,0,0
Something Natural Hair,"110 E Anderson Ave Ste 600, Round Rock, TX 78664",5129400718,,Round Rock,Texas,78664,http://somethingnaturalhair.com/,,30.5113016,-97.6791587,SOME,500,FALSE,"30.5113016, -97.6791587",Hair salon,,,FALSE,,,,Free,,,,0,,,,,,,,,,"30.5113016, -97.6791587",,FALSE,FALSE,FALSE,FALSE,0,0,0
Urban Beauty,"405 E Braker Ln, Austin, TX 78753",5128386787,,Austin,Texas,78753,https://www.instagram.com/urbanbeautyatx/,,30.3772062,-97.6786679,URBA,500,FALSE,"30.3772062, -97.6786679",Beauty supply store,,,FALSE,,,,Free,,,,0,,,,,,,,,,"30.3772062, -97.6786679",,FALSE,FALSE,FALSE,FALSE,0,0,0
Shear Envy Salon,"1104 S Mays St #116, Round Rock, TX 78664",5127796032,,Round Rock,Texas,78664,http://shearenvysalonrr.com/,,30.4984743,-97.6764697,SHEA,500,FALSE,"30.4984743, -97.6764697",Beauty salon,,,FALSE,,,,Free,,,,0,,,,,,,,,,"30.4984743, -97.6764697",,FALSE,FALSE,FALSE,FALSE,0,0,0
Lashing Out Ink Academy,"544 W Veterans Memorial Blvd Ste 210, Harker Heights, TX 76548",2542130786,,Harker Heights,Texas,76548,http://www.lashingoutinkacademy.com/,,31.0912712,-97.6727696,LASH,500,FALSE,"31.0912712, -97.6727696",Beauty school,,,FALSE,,,,Free,,,,0,,,,,,,,,,"31.0912712, -97.6727696",,FALSE,FALSE,FALSE,FALSE,0,0,0
Georgetown Barbershop,"604 E University Ave, Georgetown, TX 78626",5122405415,,Georgetown,Texas,78626,https://www.facebook.com/profile.php?id=61574775278475&mibextid=ZbWKwL,,30.6331362,-97.6714122,GEOR,500,FALSE,"30.6331362, -97.6714122",Barber shop,,,FALSE,,,,Free,,,,0,,,,,,,,,,"30.6331362, -97.6714122",,FALSE,FALSE,FALSE,FALSE,0,0,0
The CutSmith Barbershop,"3021 S I-35 Frontage Rd, Round Rock, TX 78664",5127970958,,Round Rock,Texas,78664,http://www.roundrockbarber.com/,,30.4773767,-97.6685848,CUTS,500,FALSE,"30.4773767, -97.6685848",Barber shop,,,FALSE,,,,Free,,,,0,,,,,,,,,,"30.4773767, -97.6685848",,FALSE,FALSE,FALSE,FALSE,0,0,0
Round Rock Beauty Supply Store #1,"1200 E Palm Valley Blvd #1204, Round Rock, TX 78664",5123413900,,Round Rock,Texas,78664,https://www.facebook.com/RoundRockBeauty,,30.5187279,-97.6674244,ROUN,500,FALSE,"30.5187279, -97.6674244",Beauty product supplier,,,FALSE,,,,Free,,,,0,,,,,,,,,,"30.5187279, -97.6674244",,FALSE,FALSE,FALSE,FALSE,0,0,0
Legendary Cuts Barbershop,"4700 Loyola Ln Unit 107, Austin, TX 78723",5129531360,,Austin,Texas,78723,http://www.legendarycutsaustin.com/,,30.3097183,-97.6662324,LEGE,500,FALSE,"30.3097183, -97.6662324",Hair salon,,,FALSE,,,,Free,,,,0,,,,,,,,,,"30.3097183, -97.6662324",,FALSE,FALSE,FALSE,FALSE,0,0,0
Level Up Barbershop,"1300 Gattis School Rd Suit 300, Round Rock, TX 78664",5123569007,,Round Rock,Texas,78664,http://worldwideblendz.booksy.com/a/,,30.4967043,-97.6644728,LEVE,500,FALSE,"30.4967043, -97.6644728",Barber shop,,,FALSE,,,,Free,,,,0,,,,,,,,,,"30.4967043, -97.6644728",,FALSE,FALSE,FALSE,FALSE,0,0,0
Signature Clip,"901 S Amy Ln, Harker Heights, TX 76548",2543942419,,Harker Heights,Texas,76548,https://signaturelip.cloveronline.com/services/all,,31.0805264,-97.6642212,SIGN,500,FALSE,"31.0805264, -97.6642212",Hair salon,,,FALSE,,,,Free,,,,0,,,,,,,,,,"31.0805264, -97.6642212",,FALSE,FALSE,FALSE,FALSE,0,0,0
Su's Beauty and Barber,"1420 Wells Branch Pkwy #110, Pflugerville, TX 78660",5122516000,,Pflugerville,Texas,78660,http://susbarbershop.com/,,30.4412782,-97.6633098,SU'S,500,FALSE,"30.4412782, -97.6633098",Hair salon,,,FALSE,,,,Free,,,,0,,,,,,,,,,"30.4412782, -97.6633098",,FALSE,FALSE,FALSE,FALSE,0,0,0
Generations Round Rock,"1500 South A W Grimes Blvd #100, Round Rock, TX 78664",5122381111,,Round Rock,Texas,78664,,,30.4971893,-97.6580578,GENE,500,FALSE,"30.4971893, -97.6580578",Barber shop,,,FALSE,,,,Free,,,,0,,,,,,,,,,"30.4971893, -97.6580578",,FALSE,FALSE,FALSE,FALSE,0,0,0
Star Beauty Supply,"2700 W Pecan St #570, Pflugerville, TX 78660",5126702694,,Pflugerville,Texas,78660,,,30.450412,-97.6571354,STAR,500,FALSE,"30.450412, -97.6571354",Beauty supply store,,,FALSE,,,,Free,,,,0,,,,,,,,,,"30.450412, -97.6571354",,FALSE,FALSE,FALSE,FALSE,0,0,0
Robinson's Premiere Cuts,"2261 Gattis School Rd Ste 105, Round Rock, TX 78664",5125820077,,Round Rock,Texas,78664,http://www.robinsonspremierecuts.com/,,30.4956523,-97.6503271,ROBI,500,FALSE,"30.4956523, -97.6503271",Hair salon,,,FALSE,,,,Free,,,,0,,,,,,,,,,"30.4956523, -97.6503271",,FALSE,FALSE,FALSE,FALSE,0,0,0
Texas A1 Steaks & Seafood Corpus Christi,"14241 Northwest Blvd Ste 105, Corpus Christi, TX 78410",3617673663,,Corpus Christi,Texas,78410,http://www.texasa1.com/,,27.856488,-97.6462072,TEXA,500,FALSE,"27.856488, -97.6462072",Steak house,,,FALSE,,,,Free,,,,0,,,,,,,,,,"27.856488, -97.6462072",,FALSE,FALSE,FALSE,FALSE,0,0,0
House of Beauty Austin,"305 N Heatherwilde Blvd Ste 410, Pflugerville, TX 78660",5129392896,,Pflugerville,Texas,78660,https://www.houseofbeautyaustin.com/,,30.4501011,-97.6378462,HOUS,500,FALSE,"30.4501011, -97.6378462",Facial spa,,,FALSE,,,,Free,,,,0,,,,,,,,,,"30.4501011, -97.6378462",,FALSE,FALSE,FALSE,FALSE,0,0,0
Lather Rinse Repeat Salon & Studios,"3000 Joe Dimaggio Blvd Ste 82 Bldg. 2200, Round Rock, TX 78665",7379907880,,Round Rock,Texas,78665,http://www.latherrinserepeatsalon.com/,,30.5252399,-97.6371765,LATH,500,FALSE,"30.5252399, -97.6371765",Hair salon,,,FALSE,,,,Free,,,,0,,,,,,,,,,"30.5252399, -97.6371765",,FALSE,FALSE,FALSE,FALSE,0,0,0
Spa Kalahari & Salon,"3001 Kalahari Blvd, Round Rock, TX 78665",5126511015,,Round Rock,Texas,78665,https://www.kalahariresorts.com/texas/things-to-do/pamper-yourself/spa-kalahari-salon/,,30.5197722,-97.6335103,SPAK,500,FALSE,"30.5197722, -97.6335103",Beauty salon,,,FALSE,,,,Free,,,,0,,,,,,,,,,"30.5197722, -97.6335103",,FALSE,FALSE,FALSE,FALSE,0,0,0
AFRO BEAUTY & BRAIDS,"616 Fm 685, Pflugerville, TX 78660",5128225849,,Pflugerville,Texas,78660,,,30.4420259,-97.6108606,AFRO,500,FALSE,"30.4420259, -97.6108606",Hair salon,,,FALSE,,FALSE,FALSE,Free,3,FALSE,FALSE,0,,FALSE,FALSE,FALSE,basic,,,,FALSE,"30.4420259, -97.6108606",,FALSE,FALSE,FALSE,FALSE,0,0,0
The Original Railroad Seafood Station,"1507 Voss Ave, Odem, TX 78370",3613683200,,Odem,Texas,78370,https://iloverailroad.com/?utm_source=google,,27.9415393,-97.5915438,ORIG,500,FALSE,"27.9415393, -97.5915438",Seafood restaurant,,,FALSE,,,,Free,,,,0,,,,,,,,,,"27.9415393, -97.5915438",,FALSE,FALSE,FALSE,FALSE,0,0,0
Stixx Salon,"511 Lake Rd, Belton, TX 76513",2546548917,,Belton,Texas,76513,https://booksy.com/en-us/496811_stixx-salon_hair-salon_36244_temple,,31.0864009,-97.4675521,STIX,500,FALSE,"31.0864009, -97.4675521",Hair salon,,,FALSE,,,,Free,,,,0,,,,,,,,,,"31.0864009, -97.4675521",,FALSE,FALSE,FALSE,FALSE,0,0,0
Supercuts,"2511 N Main St #107, Belton, TX 76513",2549332787,,Belton,Texas,76513,https://www.supercuts.com/locations/nearme/haircut/tx/belton/2511-n-main-st-ste-107/81026,,31.0814318,-97.4549688,SUPE,500,FALSE,"31.0814318, -97.4549688",Hair salon,,,FALSE,,,,Free,,,,0,,,,,,,,,,"31.0814318, -97.4549688",,FALSE,FALSE,FALSE,FALSE,0,0,0
Bubba's 33,"1921 S Padre Island Dr, Corpus Christi, TX 78416",3618062933,,Corpus Christi,Texas,78416,https://www.bubbas33.com/locations/texas/corpus-christi?utm_source=listing&utm_medium=search,"Burgers, pizza & beer served alongside many large-screen TVs showing sports & music videos.",27.7391026,-97.4365203,BUBB,500,FALSE,"27.7391026, -97.4365203",American restaurant,,,FALSE,,FALSE,FALSE,Free,3,FALSE,FALSE,0,,FALSE,FALSE,FALSE,basic,,,,FALSE,"27.7391026, -97.4365203",,FALSE,FALSE,FALSE,FALSE,0,0,0
Fuddruckers,"1949 S Padre Island Dr, Corpus Christi, TX 78416",3618570808,,Corpus Christi,Texas,78416,https://www.fuddruckers.com/corpus-christi,"Family-friendly chain for burgers on housemade sesame seed buns, plus salads & shakes.",27.7382233,-97.4359865,FUDD,500,FALSE,"27.7382233, -97.4359865",Hamburger restaurant,,,FALSE,,,,Free,,,,0,,,,,,,,,,"27.7382233, -97.4359865",,FALSE,FALSE,FALSE,FALSE,0,0,0
Spring Creek Barbeque,"6701 Lake Worth Blvd, Fort Worth, TX 76135",8172389210,,Fort Worth,Texas,76135,http://www.springcreekbarbeque.com/,"Branch of a Texas smokehouse chain dishing up meat & sides in a simple, family-friendly setting.",32.8126824,-97.4358538,SPRI,500,FALSE,"32.8126824, -97.4358538",Barbecue restaurant,,,FALSE,,,,Free,,,,0,,,,,,,,,,"32.8126824, -97.4358538",,FALSE,FALSE,FALSE,FALSE,0,0,0
Mozzafiato,"924 S Staples St, Corpus Christi, TX 78404",3616764490,,Corpus Christi,Texas,78404,https://www.mozzafiatocc.com/,,27.7825456,-97.4016339,MOZZ,500,FALSE,"27.7825456, -97.4016339",Restaurant,,,FALSE,,,,Free,,,,0,,,,,,,,,,"27.7825456, -97.4016339",,FALSE,FALSE,FALSE,FALSE,0,0,0
Price's Chef,"1800 S Alameda St, Corpus Christi, TX 78404",3618832786,,Corpus Christi,Texas,78404,,"Long-running breakfast & lunch place serving eggs, burgers & Texas-shaped waffles in retro digs.",27.7727901,-97.4003585,PRIC,500,FALSE,"27.7727901, -97.4003585",Breakfast restaurant,,,FALSE,,,,Free,,,,0,,,,,,,,,,"27.7727901, -97.4003585",,FALSE,FALSE,FALSE,FALSE,0,0,0
Texas Potions,"4833 Saratoga Blvd #195, Corpus Christi, TX 78413",3613242215,,Corpus Christi,Texas,78413,https://www.texaspotions.com/?utm_source=google&utm_medium=wix_google_business_profile&utm_campaign=12228557804909874834,,27.6915789,-97.3976633,TEXA,500,FALSE,"27.6915789, -97.3976633",Beauty product supplier,,,FALSE,,,,Free,,,,0,,,,,,,,,,"27.6915789, -97.3976633",,FALSE,FALSE,FALSE,FALSE,0,0,0
Portis Kountry Kitchen LLC,"213 S Chaparral St, Corpus Christi, TX 78401",3618857720,,Corpus Christi,Texas,78401,https://portis.top/,"Eatery offering classic soul food such as fried pork chops, plus a modest gift shop.",27.7914697,-97.3957213,PORT,500,FALSE,"27.7914697, -97.3957213",Southern restaurant (US),,,FALSE,,,,Free,,,,0,,,,,,,,,,"27.7914697, -97.3957213",,FALSE,FALSE,FALSE,FALSE,0,0,0
Nueces Brewing and BBQ,"401 S Water St, Corpus Christi, TX 78401",3613566404,,Corpus Christi,Texas,78401,http://www.nuecesbrewing.com/,"Down-home haunt producing a menu of barbecued meats, sides & craft beer in a roomy spot.",27.7886294,-97.3953867,NUEC,500,FALSE,"27.7886294, -97.3953867",Barbecue restaurant,,,FALSE,,,,Free,,,,0,,,,,,,,,,"27.7886294, -97.3953867",,FALSE,FALSE,FALSE,FALSE,0,0,0
House of Rock,"511 Starr St, Corpus Christi, TX 78401",3618827625,,Corpus Christi,Texas,78401,https://texashouseofrock.com/,"Event space & saloon for live music, local art, foosball, pool & video games.",27.7976771,-97.3953857,HOUS,500,FALSE,"27.7976771, -97.3953857",Restaurant,,,FALSE,,,,Free,,,,0,,,,,,,,,,"27.7976771, -97.3953857",,FALSE,FALSE,FALSE,FALSE,0,0,0
Mesquite Street Pizza and Pasta Co.,"617 N Mesquite St, Corpus Christi, TX 78401",3618827499,,Corpus Christi,Texas,78401,http://mesquitestreet.com/,,27.7975748,-97.3951339,MESQ,500,FALSE,"27.7975748, -97.3951339",Pizza restaurant,,,FALSE,,,,Free,,,,0,,,,,,,,,,"27.7975748, -97.3951339",,FALSE,FALSE,FALSE,FALSE,0,0,0
Chops & Eggs,"5802 Yorktown Blvd B107, Corpus Christi, TX 78414",3614522777,,Corpus Christi,Texas,78414,https://chopseggs.com/?utm_source=google,"Relaxed hub with a rustic vibe serving classic farm-to-table fare, including all-day breakfast.",27.6653696,-97.3926884,CHOP,500,FALSE,"27.6653696, -97.3926884",Breakfast restaurant,,,FALSE,,FALSE,FALSE,Free,3,FALSE,FALSE,0,,FALSE,FALSE,FALSE,basic,,,,TRUE,"27.6653696, -97.3926884",,FALSE,FALSE,FALSE,FALSE,0,0,0
Clean Hair Salon Studios,"5802 Yorktown Blvd Ste 101B, Corpus Christi, TX 78414",3616922361,,Corpus Christi,Texas,78414,http://www.cleanhairsalon.com/,,27.665464,-97.392644,CLEA,500,FALSE,"27.665464, -97.392644",Hair salon,,,FALSE,,FALSE,FALSE,Free,3,FALSE,FALSE,0,,FALSE,FALSE,FALSE,basic,,,,FALSE,"27.665464, -97.392644",,FALSE,FALSE,FALSE,FALSE,0,0,0
Great Clips,"3133 S Alameda St Ste 480, Corpus Christi, TX 78404",3618547328,,Corpus Christi,Texas,78404,https://salons.greatclips.com/us/tx/corpus-christi/3133-s-alameda-st?utm_source=google&utm_medium=organic&utm_campaign=gmb,Casual salon offering haircuts for adults & kids along with professional styling products for sale.,27.7568796,-97.3917869,GREA,500,FALSE,"27.7568796, -97.3917869",Hair salon,,,FALSE,,,,Free,,,,0,,,,,,,,,,"27.7568796, -97.3917869",,FALSE,FALSE,FALSE,FALSE,0,0,0
Pier 99 Restaurant,"2822 N Shoreline Blvd, Corpus Christi, TX 78402",3618870764,,Corpus Christi,Texas,78402,http://www.pier99restaurant.com/,"Waterfront seafood shack boasting a large, family-friendly deck with views of the USS Lexington.",27.8157179,-97.3908221,PIER,500,FALSE,"27.8157179, -97.3908221",Restaurant,,,FALSE,,,,Free,,,,0,,,,,,,,,,"27.8157179, -97.3908221",,FALSE,FALSE,FALSE,FALSE,0,0,0
Landry's Seafood House,"600 N Shoreline Blvd, Corpus Christi, TX 78401",3618826666,,Corpus Christi,Texas,78401,https://www.landrysseafood.com/location/landrys-seafood-corpus-christi/,Family-friendly chain eatery offering steaks & Gulf Coast seafood in laid-back surroundings.,27.7978026,-97.3890314,LAND,500,FALSE,"27.7978026, -97.3890314",Seafood restaurant,,,FALSE,,,,Free,,,,0,,,,,,,,,,"27.7978026, -97.3890314",,FALSE,FALSE,FALSE,FALSE,0,0,0
Harrison's Landing,"108 Peoples St T-Head, Corpus Christi, TX 78401",3618818503,,Corpus Christi,Texas,78401,https://harrisonslanding.net/,Chill waterfront spot with indoor-outdoor seating offering American comfort foods & a floating bar.,27.796959,-97.38892,HARR,500,FALSE,"27.796959, -97.38892",Seafood restaurant,,,FALSE,,,,Free,,,,0,,,,,,,,,,"27.796959, -97.38892",,FALSE,FALSE,FALSE,FALSE,0,0,0
KAES Emporium,"5419 Everhart Rd, Corpus Christi, TX 78411",3618523114,,Corpus Christi,Texas,78411,,,27.7096905,-97.3882316,KAES,500,FALSE,"27.7096905, -97.3882316",Beauty salon,,,FALSE,,,,Free,,,,0,,,,,,,,,,"27.7096905, -97.3882316",,FALSE,FALSE,FALSE,FALSE,0,0,0
Joe's Crab Shack,"444 N Shoreline Blvd, Corpus Christi, TX 78401",3619040227,,Corpus Christi,Texas,78401,https://www.joescrabshack.com/location/joes-crab-shack-corpus-lighthouse/,"Informal seafood chain serving crab buckets & stuffed shrimp, plus American comfort dishes.",27.794731,-97.38801,JOE',500,FALSE,"27.794731, -97.38801",Seafood restaurant,,,FALSE,,,,Free,,,,0,,,,,,,,,,"27.794731, -97.38801",,FALSE,FALSE,FALSE,FALSE,0,0,0
Christine Wig and Beauty Supply,"4639 Corona Dr Ste 6, Corpus Christi, TX 78411",3619931055,,Corpus Christi,Texas,78411,,,27.7121218,-97.3878464,CHRI,500,FALSE,"27.7121218, -97.3878464",Beauty supply store,,,FALSE,,FALSE,FALSE,Free,3,FALSE,FALSE,0,,FALSE,FALSE,FALSE,basic,,,,FALSE,"27.7121218, -97.3878464",,FALSE,FALSE,FALSE,FALSE,0,0,0
Sandi's Diner,"3801 S Staples St, Corpus Christi, TX 78411",3613343850,,Corpus Christi,Texas,78411,http://www.facebook.com/sandisdinerredhotblue,A menu specializing in classic breakfast dishes in a retro setting with eclectic interiors & booths.,27.7381001,-97.3876236,SAND,500,FALSE,"27.7381001, -97.3876236",Diner,,,FALSE,,,,Free,,,,0,,,,,,,,,,"27.7381001, -97.3876236",,FALSE,FALSE,FALSE,FALSE,0,0,0
Surfing Crab,"6418 S Staples St #124, Corpus Christi, TX 78413",3614149446,,Corpus Christi,Texas,78413,https://surfingcrabtx.com/,"Seafood boils, hibachi grills & happy-hour specials in a convivial, informal setting.",27.6867333,-97.3826196,SURF,500,FALSE,"27.6867333, -97.3826196",Seafood restaurant,,,FALSE,,,,Free,,,,0,,,,,,,,,,"27.6867333, -97.3826196",,FALSE,FALSE,FALSE,FALSE,0,0,0
Luxe Aveda Concept Salon,"5638 Saratoga Blvd #112, Corpus Christi, TX 78414",3619915893,,Corpus Christi,Texas,78414,http://www.luxecorpuschristi.com/,,27.6851399,-97.3810309,LUXE,500,FALSE,"27.6851399, -97.3810309",Hair salon,,,FALSE,,,,Free,,,,0,,,,,,,,,,"27.6851399, -97.3810309",,FALSE,FALSE,FALSE,FALSE,0,0,0
Hester's Cafe Lamar Park,"3812 S Alameda St, Corpus Christi, TX 78411",3618551892,,Corpus Christi,Texas,78411,http://hesterscafe.com/,,27.7440677,-97.380142,HEST,500,FALSE,"27.7440677, -97.380142",Restaurant,,,FALSE,,,,Free,,,,0,,,,,,,,,,"27.7440677, -97.380142",,FALSE,FALSE,FALSE,FALSE,0,0,0
Pompano's Seafood House & Oyster Bar,"4124 S Staples St, Corpus Christi, TX 78411",3612572041,,Corpus Christi,Texas,78411,https://www.pompanosseafoodhouse.com/,,27.7283966,-97.3799154,POMP,500,FALSE,"27.7283966, -97.3799154",Seafood restaurant,,,FALSE,,,,Free,,,,0,,,,,,,,,,"27.7283966, -97.3799154",,FALSE,FALSE,FALSE,FALSE,0,0,0
The Post at Lamar Park,"411 Doddridge St #102, Corpus Christi, TX 78411",3614520907,,Corpus Christi,Texas,78411,http://www.thepostlamarpark.com/,"Warmly lit venue with exposed beams for elevated gastropub fare, craft cocktails & an airy patio.",27.7446636,-97.3797136,POST,500,FALSE,"27.7446636, -97.3797136",Restaurant,,,FALSE,,,,Free,,,,0,,,,,,,,,,"27.7446636, -97.3797136",,FALSE,FALSE,FALSE,FALSE,0,0,0
Pay Per Lead Marketing Agency,"4421 S Oklahoma Ave, Brownsville, TX 78521",,,Brownsville,Texas,78521,https://www.payperlead.com/brownsville-texas,,25.8704091,-97.3777389,PAYP,500,FALSE,"25.8704091, -97.3777389",Advertising agency,,,FALSE,,,,Free,,,,0,,,,,,,,,,"25.8704091, -97.3777389",,FALSE,FALSE,FALSE,FALSE,0,0,0
Authentic New York Pizza,"5838 S Staples St, Corpus Christi, TX 78413",3619861151,,Corpus Christi,Texas,78413,http://www.newyorkstylepizza.cc/,"Italian fare, especially pizza, by way of New York in a spare space with red-checkered tablecloths.",27.6955556,-97.3763889,AUTH,500,FALSE,"27.6955556, -97.3763889",Pizza restaurant,,,FALSE,,FALSE,FALSE,Free,3,FALSE,FALSE,0,,FALSE,FALSE,TRUE,basic,,,,FALSE,"27.6955556, -97.3763889",,FALSE,FALSE,FALSE,FALSE,0,0,0
Twin Peaks,"5425 S Padre Island Dr, Corpus Christi, TX 78411",3619927325,,Corpus Christi,Texas,78411,https://twinpeaksrestaurant.com/locations/corpus-christi-tx,"Sports-bar chain known for its waitresses, serving American comfort food in lodgelike surroundings.",27.7083453,-97.373149,TWIN,500,FALSE,"27.7083453, -97.373149",Restaurant,,,FALSE,,,,Free,,,,0,,,,,,,,,,"27.7083453, -97.373149",,FALSE,FALSE,FALSE,FALSE,0,0,0
Ulta Beauty,"5488 S Padre Island Dr #5002, Corpus Christi, TX 78411",3619857401,,Corpus Christi,Texas,78411,https://www.ulta.com/stores/corpus-christi-tx-405,"Chain with a diverse selection of cosmetics & other beauty products, plus on-site salon services.",27.7106323,-97.3730108,ULTA,500,FALSE,"27.7106323, -97.3730108",Cosmetics store,,,FALSE,,,,Free,,,,0,,,,,,,,,,"27.7106323, -97.3730108",,FALSE,FALSE,FALSE,FALSE,0,0,0
Lazy Beach Brewing and Cafe,"7522 Bichon Dr #100, Corpus Christi, TX 78414",3616935347,,Corpus Christi,Texas,78414,http://lazybeachbrewing.com/,,27.6534491,-97.372322,LAZY,500,FALSE,"27.6534491, -97.372322",Brewery,,,FALSE,,,,Free,,,,0,,,,,,,,,,"27.6534491, -97.372322",,FALSE,FALSE,FALSE,FALSE,0,0,0
Corpus Christi Black Chamber of Commerce,"5350 S Staples St Ste 333C, Corpus Christi, TX 78411",3618158346,,Corpus Christi,Texas,78411,http://www.blackchambercc.org/cpages/contact,,27.7037236,-97.3717285,CORP,500,FALSE,"27.7037236, -97.3717285",Chamber of Commerce,,,FALSE,,FALSE,FALSE,Free,3,FALSE,FALSE,0,,FALSE,FALSE,FALSE,basic,,,,FALSE,"27.7037236, -97.3717285",,FALSE,FALSE,FALSE,FALSE,0,0,0
Perfect Brow Bar,"5488 S Padre Island Dr Suite 1390, Corpus Christi, TX 78411",3614527817,,Corpus Christi,Texas,78411,https://perfectbrowbar.com/stores/la-palmera/,,27.7111843,-97.3716495,PERF,500,FALSE,"27.7111843, -97.3716495",Eyebrow bar,,,FALSE,,,,Free,,,,0,,,,,,,,,,"27.7111843, -97.3716495",,FALSE,FALSE,FALSE,FALSE,0,0,0
Planet Sol Salon,"4401 S Alameda St, Corpus Christi, TX 78412",3618148899,,Corpus Christi,Texas,78412,http://www.planetsolsalon.com/,,27.7285556,-97.3707056,PLAN,500,FALSE,"27.7285556, -97.3707056",Hair salon,,,FALSE,,,,Free,,,,0,,,,,,,,,,"27.7285556, -97.3707056",,FALSE,FALSE,FALSE,FALSE,0,0,0
Ramen Legend,"4938 S Staples St C16, Corpus Christi, TX 78411",3617307301,,Corpus Christi,Texas,78411,http://ramenlegend.kwickmenu.com/,,27.7078189,-97.3681888,RAME,500,FALSE,"27.7078189, -97.3681888",Restaurant,,,FALSE,,,,Free,,,,0,,,,,,,,,,"27.7078189, -97.3681888",,FALSE,FALSE,FALSE,FALSE,0,0,0
Milan Laser Hair Removal,"4938 S Staples St Ste B-04, Corpus Christi, TX 78412",3612710546,,Corpus Christi,Texas,78412,https://milanlaser.com/locations/tx/corpus-christi/4938-s-staples-st?utm_source=gmb&utm_medium=yext,,27.7080789,-97.3680265,MILA,500,FALSE,"27.7080789, -97.3680265",Laser hair removal service,,,FALSE,,,,Free,,,,0,,,,,,,,,,"27.7080789, -97.3680265",,FALSE,FALSE,FALSE,FALSE,0,0,0
Yardarm Restaurant,"4310 Ocean Dr, Corpus Christi, TX 78412",3618558157,,Corpus Christi,Texas,78412,,"A selection of sophisticated seafood dishes, plus wine, offered in a low-key, waterfront locale.",27.7372253,-97.36489,YARD,500,FALSE,"27.7372253, -97.36489",Seafood restaurant,,,FALSE,,,,Free,,,,0,,,,,,,,,,"27.7372253, -97.36489",,FALSE,FALSE,FALSE,FALSE,0,0,0
Golden Corral Buffet & Grill,"5901 S Padre Island Dr, Corpus Christi, TX 78412",3619912838,,Corpus Christi,Texas,78412,https://www.goldencorral.com/locations/938/golden-corral-s-padre-island-drive?utm_source=google&utm_medium=local&utm_campaign=localmaps&utm_content=938,"Family-friendly buffet chain featuring all-you-can-eat American fare, plus salad & dessert bars.",27.7039039,-97.3647183,GOLD,500,FALSE,"27.7039039, -97.3647183",Buffet restaurant,,,FALSE,,,,Free,,,,0,,,,,,,,,,"27.7039039, -97.3647183",,FALSE,FALSE,FALSE,FALSE,0,0,0
Roaming Ronin,"2306 Airline Rd #104, Corpus Christi, TX 78414",3614624273,,Corpus Christi,Texas,78414,https://roamingronin.com/,,27.6871542,-97.3628992,ROAM,500,FALSE,"27.6871542, -97.3628992",Asian fusion restaurant,,,FALSE,,,,Free,,,,0,,,,,,,,,,"27.6871542, -97.3628992",,FALSE,FALSE,FALSE,FALSE,0,0,0
Eatzi's Market & Bakery,"1540 S University Dr #100, Fort Worth, TX 76107",8179459095,,Fort Worth,Texas,76107,http://eatzis.com/,"European-style market offering prepared meals, sandwiches, deli fare & baked goods.",32.7295256,-97.3615972,EATZ,500,FALSE,"32.7295256, -97.3615972",Gourmet grocery store,,,FALSE,,,,Free,,,,0,,,,,,,,,,"32.7295256, -97.3615972",,FALSE,FALSE,FALSE,FALSE,0,0,0
BO BBQ- Korean Grill & Hot Pot,"6042 S Padre Island Dr, Corpus Christi, TX 78412",3614520702,,Corpus Christi,Texas,78412,http://bokoreanbbq.com/,,27.7042278,-97.3612371,BOBB,500,FALSE,"27.7042278, -97.3612371",Korean restaurant,,,FALSE,,FALSE,FALSE,Free,3,FALSE,FALSE,0,,FALSE,FALSE,FALSE,basic,,,,TRUE,"27.7042278, -97.3612371",,FALSE,FALSE,FALSE,FALSE,0,0,0
Saltgrass Steak House,"6729 S Padre Island Dr, Corpus Christi, TX 78412",3619857419,,Corpus Christi,Texas,78412,https://www.saltgrass.com/location/saltgrass-corpus-christi/,Informal Texas-themed chain offers a meaty menu & full bar amid cattle kitsch decor.,27.6965838,-97.3500189,SALT,500,FALSE,"27.6965838, -97.3500189",Steak house,,,FALSE,,,,Free,,,,0,,,,,,,,,,"27.6965838, -97.3500189",,FALSE,FALSE,FALSE,FALSE,0,0,0
Smoke A Holics Bbq,"1417 Evans Ave, Fort Worth, TX 76104",8173865658,,Fort Worth,Texas,76104,https://www.smoke-a-holicsbbq.com/,,32.7284034,-97.3180233,SMOK,500,FALSE,"32.7284034, -97.3180233",Barbecue restaurant,,,FALSE,,,,Free,,,,0,,,,,,,,,,"32.7284034, -97.3180233",,FALSE,FALSE,FALSE,FALSE,0,0,0
Texas A1 Steaks & Seafood - Portland,"407 Cedar Dr, Portland, TX 78374",3617773663,,Portland,Texas,78374,http://www.texasa1port.com/,,27.8996474,-97.3095966,TEXA,500,FALSE,"27.8996474, -97.3095966",Steak house,,,FALSE,,,,Free,,,,0,,,,,,,,,,"27.8996474, -97.3095966",,FALSE,FALSE,FALSE,FALSE,0,0,0
Golden Chick,"300 N Alamo St, Refugio, TX 78377",3615267084,,Refugio,Texas,78377,http://locations.goldenchick.com/tx/refugio/1057/?utm_source=Google&utm_medium=Organic&utm_campaign=Maps,"Fast-food chain specializing in fried & roasted chicken, catfish & Southern-style sides.",28.3083333,-97.2741667,GOLD,500,FALSE,"28.3083333, -97.2741667",Fast food restaurant,,,FALSE,,,,Free,,,,0,,,,,,,,,,"28.3083333, -97.2741667",,FALSE,FALSE,FALSE,FALSE,0,0,0
Islands Edge Hair Salon,"15217 S Padre Island Dr, Corpus Christi, TX 78418",3612445748,,Corpus Christi,Texas,78418,,,27.6029158,-97.2231665,ISLA,500,FALSE,"27.6029158, -97.2231665",Hair salon,,,FALSE,,,,Free,,,,0,,,,,,,,,,"27.6029158, -97.2231665",,FALSE,FALSE,FALSE,FALSE,0,0,0
Hometown Seafood Padre Island,"14254 S Padre Island Dr Ste 311, Corpus Christi, TX 78418",3619493107,,Corpus Christi,Texas,78418,https://htseafoodcompany.com/n-padre-location,,27.6246353,-97.2205164,HOME,500,FALSE,"27.6246353, -97.2205164",Seafood restaurant,,,FALSE,,,,Free,,,,0,,,,,,,,,,"27.6246353, -97.2205164",,FALSE,FALSE,FALSE,FALSE,0,0,0
Butler's Barber Lounge,"1521 Wooded Acres Dr Ste A, Waco, TX 76710",2542246781,,Waco,Texas,76710,https://butlersbarbershop.com/,,31.5353565,-97.1905059,BUTL,500,FALSE,"31.5353565, -97.1905059",Barber shop,,,FALSE,,FALSE,FALSE,Free,3,FALSE,FALSE,0,,FALSE,FALSE,FALSE,basic,,,,FALSE,"31.5353565, -97.1905059",,FALSE,FALSE,FALSE,FALSE,0,0,0
"Soul Crafted Success, LLC","3000 Colcord Ave, Waco, TX 76707",,,Waco,Texas,76707,http://michellespalding.com/,,31.5497952,-97.1675742,SOUL,500,FALSE,"31.5497952, -97.1675742",Business management consultant,,,FALSE,,,,Free,,,,0,,,,,,,,,,"31.5497952, -97.1675742",,FALSE,FALSE,FALSE,FALSE,0,0,0
Salons by JC Waco,"2814 W Loop 340 Bldg H-1, Waco, TX 76711",2543625889,,Waco,Texas,76711,https://salonsbyjc.com/location/texas-waco-central-texas-marketplace/,,31.4964813,-97.152426,SALO,500,FALSE,"31.4964813, -97.152426",Hair salon,,,FALSE,,,,Free,,,,0,,,,,,,,,,"31.4964813, -97.152426",,FALSE,FALSE,FALSE,FALSE,0,0,0
Schlotzsky's Deli,"2504 W Park Row Dr, Pantego, TX 76013",8172746601,,Pantego,Texas,76013,https://locations.schlotzskys.com/tx/pantego/2504-west-park-row?utm_source=google&utm_medium=organic&utm_campaign=locations_partner,"Counter-serve chain serving deli fare, such as their Original sandwich, specialty pizzas & salads.",32.720778,-97.1503779,SCHL,500,FALSE,"32.720778, -97.1503779",Sandwich shop,,,FALSE,,,,Free,,,,0,,,,,,,,,,"32.720778, -97.1503779",,FALSE,FALSE,FALSE,FALSE,0,0,0
BareSkyn Aesthetics,"607 N 10Th St A, Waco, TX 76701",2543344492,,Waco,Texas,76701,https://bareskynaesthetics.glossgenius.com/,,31.5568167,-97.1405606,BARE,500,FALSE,"31.5568167, -97.1405606",Waxing hair removal service,,,FALSE,,FALSE,FALSE,Free,3,FALSE,FALSE,0,,FALSE,FALSE,FALSE,basic,,,,FALSE,"31.5568167, -97.1405606",,FALSE,FALSE,FALSE,FALSE,0,0,0
Cherkose Ethiopian cuisine,"5904 S Cooper St Suite 110, Arlington, TX 76017",8179877715,,Arlington,Texas,76017,,"Humble restaurant offering a limited menu of Ethiopian bread & meat dishes, plus coffee.",32.651306,-97.1358535,CHER,500,FALSE,"32.651306, -97.1358535",Ethiopian restaurant,,,FALSE,,FALSE,FALSE,Free,3,FALSE,FALSE,0,,FALSE,FALSE,FALSE,basic,,,,FALSE,"32.651306, -97.1358535",,FALSE,FALSE,FALSE,FALSE,0,0,0
On The Avenue Salon and Blowout Bar,"711 Austin Ave #1, Waco, TX 76701",2543391440,,Waco,Texas,76701,http://www.ontheavenuewaco.com/,,31.555257,-97.1341,ONAV,500,FALSE,"31.555257, -97.1341",Hair salon,,,FALSE,,,,Free,,,,0,,,,,,,,,,"31.555257, -97.1341",,FALSE,FALSE,FALSE,FALSE,0,0,0
Jason's Deli,"2200 Airport Fwy, Bedford, TX 76022",8173541511,,Bedford,Texas,76022,https://www.jasonsdeli.com/locations/tx/bedford/2200-airport-fwy/,"Deli chain featuring specialty sandwiches, salads & other health-conscious fare.",32.835071,-97.1322937,JASO,500,FALSE,"32.835071, -97.1322937",Restaurant,,,FALSE,,,,Free,,,,0,,,,,,,,,,"32.835071, -97.1322937",,FALSE,FALSE,FALSE,FALSE,0,0,0
Tru Jamaica Restaurant,"937 Taylor St, Waco, TX 76704",2543049288,,Waco,Texas,76704,https://trujamaica.com/?utm_source=google,"Colorful, easygoing Jamaican eatery serving jerk chicken, curry goat & patties, plus rice & peas.",31.5688715,-97.1193557,TRUJ,500,FALSE,"31.5688715, -97.1193557",Jamaican restaurant,,,FALSE,,,,Free,,,,0,,,,,,,,,,"31.5688715, -97.1193557",,FALSE,FALSE,FALSE,FALSE,0,0,0
One Love Lounge Caribbean Restaurant & Lounge,"2315 S Cooper St, Arlington, TX 76015",6823234950,,Arlington,Texas,76015,https://www.oneloveloungearlington.com/,,32.7054074,-97.1172984,ONEL,500,FALSE,"32.7054074, -97.1172984",Caribbean restaurant,,,FALSE,,,,Free,,,,0,,,,,,,,,,"32.7054074, -97.1172984",,FALSE,FALSE,FALSE,FALSE,0,0,0
Jess Soul Food,"810 La Salle Ave, Waco, TX 76706",2542948558,,Waco,Texas,76706,https://jesssoulfood.com/?utm_source=google,,31.5374021,-97.1157403,JESS,500,FALSE,"31.5374021, -97.1157403",Soul food restaurant,,,FALSE,,,,Free,,,,0,,,,,,,,,,"31.5374021, -97.1157403",,FALSE,FALSE,FALSE,FALSE,0,0,0
SmartStyle,"401 Coke St, Hillsboro, TX 76645",2545802704,,Hillsboro,Texas,76645,https://www.smartstyle.com/locations/nearme/haircut/tx/hillsboro/401-coke-st/11051,,32.0043384,-97.0993731,SMAR,500,FALSE,"32.0043384, -97.0993731",Hair salon,,,FALSE,,,,Free,,,,0,,,,,,,,,,"32.0043384, -97.0993731",,FALSE,FALSE,FALSE,FALSE,0,0,0
Texas Black Business Directory,"306 Lincoln Square, Arlington, TX 76011",8175334887,,Arlington,Texas,76011,https://www.texasblackbusinessdirectory.com/,,32.7581015,-97.0983632,TEXA,500,FALSE,"32.7581015, -97.0983632",Advertising agency,,,FALSE,,,,Free,,,,0,,,,,,,,,,"32.7581015, -97.0983632",,FALSE,FALSE,FALSE,FALSE,0,0,0
Kenjo Fly Fishing,"610 Sandy Ln, Port Aransas, TX 78373",3615002552,,Port Aransas,Texas,78373,http://www.kenjofly.com/,,27.8080988,-97.0778452,KENJ,500,FALSE,"27.8080988, -97.0778452",Fishing charter,,,FALSE,,,,Free,,,,0,,,,,,,,,,"27.8080988, -97.0778452",,FALSE,FALSE,FALSE,FALSE,0,0,0
Seafood & Spaghetti Works,"910 TX-361, Port Aransas, TX 78373",3617495666,,Port Aransas,Texas,78373,https://www.seafoodandspaghetti.com/,"Casual eatery preparing seafood, pizza & classic Italian pastas in a roomy, family-friendly setting.",27.8267445,-97.0691746,SEAF,500,FALSE,"27.8267445, -97.0691746",Restaurant,,,FALSE,,,,Free,,,,0,,,,,,,,,,"27.8267445, -97.0691746",,FALSE,FALSE,FALSE,FALSE,0,0,0
FINS Grill & Icehouse,"420 W Cotter Ave, Port Aransas, TX 78373",3617498646,,Port Aransas,Texas,78373,https://www.finsgrillandicehouse.com/,"Waterfront venue offering burgers, seafood, beer & margaritas & a large deck with harbor views.",27.8381048,-97.0672483,FINS,500,FALSE,"27.8381048, -97.0672483",Seafood restaurant,,,FALSE,,,,Free,,,,0,,,,,,,,,,"27.8381048, -97.0672483",,FALSE,FALSE,FALSE,FALSE,0,0,0
Denny's Restaurant,"839 N Watson Rd, Arlington, TX 76011",8176406050,,Arlington,Texas,76011,https://locations.dennys.com/TX/ARLINGTON/247853?utm_source=G&utm_medium=organic&utm_campaign=DAC,"Casual diner chain dishing up classic American comfort fare, including all-day breakfast favorites.",32.7567639,-97.0644705,DENN,500,FALSE,"32.7567639, -97.0644705",Restaurant,,,FALSE,,,,Free,,,,0,,,,,,,,,,"32.7567639, -97.0644705",,FALSE,FALSE,FALSE,FALSE,0,0,0
Grumbles Seafood Co.,"850 Tarpon St, Port Aransas, TX 78373",3617491990,,Port Aransas,Texas,78373,https://www.grumblesseafoodco.com/,,27.8397388,-97.059555,GRUM,500,FALSE,"27.8397388, -97.059555",Seafood restaurant,,,FALSE,,,,Free,,,,0,,,,,,,,,,"27.8397388, -97.059555",,FALSE,FALSE,FALSE,FALSE,0,0,0
Our Family Kitchen,"324 TX-35 Bus, Rockport, TX 78382",3617271111,,Rockport,Texas,78382,http://www.ourfamilykitchentogo.com/,"Down-home American plates dished up in a relaxed, convivial setting with country-style decor.",28.0247381,-97.0581358,OURF,500,FALSE,"28.0247381, -97.0581358",American restaurant,,,FALSE,,,,Free,,,,0,,,,,,,,,,"28.0247381, -97.0581358",,FALSE,FALSE,FALSE,FALSE,0,0,0
Black Cultural Initiative,"2909 E Arkansas Ln, Arlington, TX 76010",9727679708,,Arlington,Texas,76010,,,32.7066501,-97.0578236,BLAC,500,FALSE,"32.7066501, -97.0578236",Business management consultant,,,FALSE,,FALSE,FALSE,Free,3,FALSE,FALSE,0,,FALSE,FALSE,FALSE,basic,,,,FALSE,"32.7066501, -97.0578236",,FALSE,FALSE,FALSE,FALSE,0,0,0
Golden Chick,"1215 TX-35 Bus, Rockport, TX 78382",3614501088,,Rockport,Texas,78382,http://locations.goldenchick.com/tx/rockport/1320/?utm_source=Google&utm_medium=Organic&utm_campaign=Maps,"Fast-food chain specializing in fried & roasted chicken, catfish & Southern-style sides.",28.036166,-97.0431197,GOLD,500,FALSE,"28.036166, -97.0431197",Fast food restaurant,,,FALSE,,,,Free,,,,0,,,,,,,,,,"28.036166, -97.0431197",,FALSE,FALSE,FALSE,FALSE,0,0,0
The Groove Steak & Lobster House,"2001 Business, Hwy 35 N Bypass, Rockport, TX 78382",3617293663,,Rockport,Texas,78382,http://www.thegrooverockport.com/,"Steaks, seafood, wood-fired pizzas & wine in a warm, intimate dining room with a patio.",28.0442131,-97.0429063,GROO,500,FALSE,"28.0442131, -97.0429063",Steak house,,,FALSE,,,,Free,,,,0,,,,,,,,,,"28.0442131, -97.0429063",,FALSE,FALSE,FALSE,FALSE,0,0,0
African Village,"3003 N Belt Line Rd, Irving, TX 75062",9725701111,,Irving,Texas,75062,https://africanvillagerestauranttx.com/kiTS,Simple eatery offering a variety of classic African dishes in a casual environment.,32.8478968,-96.9936002,AFRI,500,FALSE,"32.8478968, -96.9936002",West African restaurant,,,FALSE,,FALSE,FALSE,Free,3,FALSE,FALSE,0,,FALSE,FALSE,FALSE,basic,,,,FALSE,"32.8478968, -96.9936002",,FALSE,FALSE,FALSE,FALSE,0,0,0
Nabulizis Alterations,"10539 Dugas Dr, San Antonio, TX 78245",8176171359,,San Antonio,Texas,78245,http://www.nabulizis.com/,,30.63777636,-96.99098045,NABU,500,FALSE,"30.6377763637721, -96.9909804518531",Custom tailor,,,FALSE,,,,Free,,,,0,,,,,,,,,,"30.6377763637721, -96.9909804518531",,FALSE,FALSE,FALSE,FALSE,0,0,0
Priscilla Kucer Consulting Solutions LLC,"5900 Balcones Dr Suite 4000, Austin, TX 78731",5122229128,,Austin,Texas,78731,http://www.drpksolutions.com/,,30.63791888,-96.98481021,PRIS,500,FALSE,"30.6379188813699, -96.9848102138118",Business management consultant,,,FALSE,,,,Free,,,,0,,,,,,,,,,"30.6379188813699, -96.9848102138118",,FALSE,FALSE,FALSE,FALSE,0,0,0
Divine Touch African Hair Braiding & Weaving,"7111 Marvin D. Love Fwy #216, Dallas, TX 75237",4697352285,,Dallas,Texas,75237,https://divinetouchafricanhairbraiding.com/,,32.6612181,-96.8721108,DIVI,500,FALSE,"32.6612181, -96.8721108",Hair salon,,,FALSE,,,,Free,,,,0,,,,,,,,,,"32.6612181, -96.8721108",,FALSE,FALSE,FALSE,FALSE,0,0,0
JS International Grill,"324 E Belt Line Rd, Desoto, TX 75115",2144759637,,DeSoto,Texas,75115,https://www.jsinternational2go.com/,,32.5887425,-96.8517686,JSIN,500,FALSE,"32.5887425, -96.8517686",Grill,,,FALSE,,,,Free,,,,0,,,,,,,,,,"32.5887425, -96.8517686",,FALSE,FALSE,FALSE,FALSE,0,0,0
TransforMEtion Journey,"324 E Belt Line Rd, Desoto, TX 75115",2142864256,,DeSoto,Texas,75115,http://www.transformetionjourney.com/,,32.5887425,-96.8517686,TRAN,500,FALSE,"32.5887425, -96.8517686",Health food restaurant,,,FALSE,,,,Free,,,,0,,,,,,,,,,"32.5887425, -96.8517686",,FALSE,FALSE,FALSE,FALSE,0,0,0
Kendall Karsen’s Upscale Soul Food,"3939 S Polk St #305, Dallas, TX 75224",2143762171,,Dallas,Texas,75224,https://sites.google.com/view/kendallkarsensupscalesoulfood/,,32.6958554,-96.8418034,KEND,500,FALSE,"32.6958554, -96.8418034",Soul food restaurant,,,FALSE,,,,Free,,,,0,,,,,,,,,,"32.6958554, -96.8418034",,FALSE,FALSE,FALSE,FALSE,0,0,0
Ritual Space,"1005 W Jefferson Blvd Ste 402E, Dallas, TX 75208",9728277194,,Dallas,Texas,75208,http://www.ritualspacedallas.com/,,32.7435418,-96.8397561,RITU,500,FALSE,"32.7435418, -96.8397561",Hair salon,,,FALSE,,,,Free,,,,0,,,,,,,,,,"32.7435418, -96.8397561",,FALSE,FALSE,FALSE,FALSE,0,0,0
Soirée Coffee Bar,"320 Singleton Blvd Ste 190, Dallas, TX 75212",9728509030,,Dallas,Texas,75212,http://soireecoffeebar.com/,,32.7783705,-96.8291901,SOIR,500,FALSE,"32.7783705, -96.8291901",Restaurant,,,FALSE,,,,Free,,,,0,,,,,,,,,,"32.7783705, -96.8291901",,FALSE,FALSE,FALSE,FALSE,0,0,0
Pressed Roots,"320 Singleton Blvd #160, Dallas, TX 75212",9787079545,,Dallas,Texas,75212,https://pressedroots.com/,,32.77799,-96.828764,PRES,500,FALSE,"32.77799, -96.828764",Hair salon,,,FALSE,,,,Free,,,,0,,,,,,,,,,"32.77799, -96.828764",,FALSE,FALSE,FALSE,FALSE,0,0,0
YOUR CHEF DRE,"200 W Commerce St Suite 103, Dallas, TX 75208",4696074174,,Dallas,Texas,75208,http://www.yourchefdre.com/,,32.7741897,-96.8246426,YOUR,500,FALSE,"32.7741897, -96.8246426",Delivery Restaurant,,,FALSE,,,,Free,,,,0,,,,,,,,,,"32.7741897, -96.8246426",,FALSE,FALSE,FALSE,FALSE,0,0,0
Kessler Baking Studio Bishop Arts,"1129 N Beckley Ave, Dallas, TX 75203",2149487412,,Dallas,Texas,75203,https://www.kesslerbakingstudio.com/,"This bakery makes its cookies, brownies & other treats from scratch & with local ingredients.",32.757638,-96.8232378,KESS,500,FALSE,"32.757638, -96.8232378",Bakery,,,FALSE,,,,Free,,,,0,,,,,,,,,,"32.757638, -96.8232378",,FALSE,FALSE,FALSE,FALSE,0,0,0
Dallas Hair Diva,"13465 Inwood Rd #185 Suite 113, Dallas, TX 75244",,,Dallas,Texas,75244,https://dallashairdiva.square.site/,,32.9303364,-96.8229242,DALL,500,FALSE,"32.9303364, -96.8229242",Hair salon,,,FALSE,,,,Free,,,,0,,,,,,,,,,"32.9303364, -96.8229242",,FALSE,FALSE,FALSE,FALSE,0,0,0
Querisma Beauty Studio,"5203 Alpha Rd Ste 100, Room 39, Dallas, TX 75240",4698940654,,Dallas,Texas,75240,http://www.querismabeautystudio.com/,,32.9335001,-96.8198994,QUER,500,FALSE,"32.9335001, -96.8198994",Hair salon,,,FALSE,,,,Free,,,,0,,,,,,,,,,"32.9335001, -96.8198994",,FALSE,FALSE,FALSE,FALSE,0,0,0
Keelys Natural Hair Studio,"1460 Dragon St, Dallas, TX 75207",6824313337,,Dallas,Texas,75207,https://www.keelysnaturalhairstudios.com/,,32.7914555,-96.8197474,KEEL,500,FALSE,"32.7914555, -96.8197474",Beauty salon,,,FALSE,,,,Free,,,,0,,,,,,,,,,"32.7914555, -96.8197474",,FALSE,FALSE,FALSE,FALSE,0,0,0
Tonya Beauty,"1400 Hi Line Dr, Dallas, TX 75207",8178747662,,Dallas,Texas,75207,http://www.tonyabeauty.com/,,32.7949436,-96.816228,TONY,500,FALSE,"32.7949436, -96.816228",Hair salon,,,FALSE,,,,Free,,,,0,,,,,,,,,,"32.7949436, -96.816228",,FALSE,FALSE,FALSE,FALSE,0,0,0
Pan-African Connection Bookstore Art Gallery and Resource Center,"4466 S Marsalis Ave, Dallas, TX 75216",2149438262,,Dallas,Texas,75216,https://www.panafricanconnection.com/,,32.6900926,-96.8135583,PAN-,500,FALSE,"32.6900926, -96.8135583",Book store,,,FALSE,,,,Free,,,,0,,,,,,,,,,"32.6900926, -96.8135583",,FALSE,FALSE,FALSE,FALSE,0,0,0
Hair Alchemy Salon,"Level 2, 4411 Lemmon Ave Suite 28, Dallas, TX 75219",3477519414,,Dallas,Texas,75219,https://hairalchemysalon808.com/,,32.8181506,-96.8134375,HAIR,500,FALSE,"32.8181506, -96.8134375",Hair salon,,,FALSE,,,,Free,,,,0,,,,,,,,,,"32.8181506, -96.8134375",,FALSE,FALSE,FALSE,FALSE,0,0,0
"Black Ink Capital, LLC","2651 N Harwood St #200, Dallas, TX 75201",8008924535,,Dallas,Texas,75201,,,32.792856,-96.8064807,BLAC,500,FALSE,"32.792856, -96.8064807",Business management consultant,,,FALSE,,FALSE,FALSE,Free,3,FALSE,FALSE,0,,FALSE,FALSE,FALSE,basic,,,,FALSE,"32.792856, -96.8064807",,FALSE,FALSE,FALSE,FALSE,0,0,0
Hair Radiant Salon,"1130 E Red Bird Ln C, Dallas, TX 75241",2143716630,,Dallas,Texas,75241,,,32.6747229,-96.8064484,HAIR,500,FALSE,"32.6747229, -96.8064484",Beauty salon,,,FALSE,,,,Free,,,,0,,,,,,,,,,"32.6747229, -96.8064484",,FALSE,FALSE,FALSE,FALSE,0,0,0
The Church of Hair,"17290 Preston Rd Ste 200 A, Dallas, TX 75252",4692437333,,Dallas,Texas,75252,https://www.styleseat.com/hairchurch,,32.9862429,-96.8031582,CHUR,500,FALSE,"32.9862429, -96.8031582",Hair salon,,,FALSE,,,,Free,,,,0,,,,,,,,,,"32.9862429, -96.8031582",,FALSE,FALSE,FALSE,FALSE,0,0,0
"Proxxee LLC, Dallas Texas","2121 N Pearl St Suite 300, Dallas, TX 75201",9729002180,,Dallas,Texas,75201,http://proxxee.com/,,32.7909865,-96.8012125,PROX,500,FALSE,"32.7909865, -96.8012125",Software company,,,FALSE,,,,Free,,,,0,,,,,,,,,,"32.7909865, -96.8012125",,FALSE,FALSE,FALSE,FALSE,0,0,0
House of Dear,"2604 Hibernia St, Dallas, TX 75204",2143970700,,Dallas,Texas,75204,https://houseofdearhairsalon.com/,,32.7960222,-96.8009082,HOUS,500,FALSE,"32.7960222, -96.8009082",Hair salon,,,FALSE,,,,Free,,,,0,,,,,,,,,,"32.7960222, -96.8009082",,FALSE,FALSE,FALSE,FALSE,0,0,0
The Plant Project,"2310 Routh St Ste B, Dallas, TX 75201",2147929251,,Dallas,Texas,75201,http://the-plantproject.com/,,32.794949,-96.7998431,PLAN,500,FALSE,"32.794949, -96.7998431",Plant nursery,,,FALSE,,,,Free,,,,0,,,,,,,,,,"32.794949, -96.7998431",,FALSE,FALSE,FALSE,FALSE,0,0,0
Daily,"211 N Ervay St 10Th Floor, Suite 1003, Dallas, TX 75201",9728494095,,Dallas,Texas,75201,,,32.7822112,-96.7975932,DAIL,500,FALSE,"32.7822112, -96.7975932",Boutique,,,FALSE,,,,Free,,,,0,,,,,,,,,,"32.7822112, -96.7975932",,FALSE,FALSE,FALSE,FALSE,0,0,0
Two Simple Clothing,"Grand Boys, 211 North Ervay, 211 N Ervay St 10Th Floor 100, Dallas, TX 75201",,,Dallas,Texas,75201,http://www.twosimpleclo.com/,,32.7822112,-96.7975932,TWOS,500,FALSE,"32.7822112, -96.7975932",Clothing store,,,FALSE,,,,Free,,,,0,,,,,,,,,,"32.7822112, -96.7975932",,FALSE,FALSE,FALSE,FALSE,0,0,0
ONEE Social Restaurant (formally Fivee Bistro),"1319 Botham Jean Blvd, Dallas, TX 75215",6824988667,,Dallas,Texas,75215,http://www.oneesocial.com/,,32.7680192,-96.796462,ONEE,500,FALSE,"32.7680192, -96.796462",Restaurant,,,FALSE,,,,Free,,,,0,,,,,,,,,,"32.7680192, -96.796462",,FALSE,FALSE,FALSE,FALSE,0,0,0
Mendocino Farms,"3700 Mckinney Ave, Dallas, TX 75204",9729932792,,Dallas,Texas,75204,https://www.mendocinofarms.com/locations/west-village,"Creative gourmet sandwiches, soups & salads, made with local & seasonal ingredients.",32.8081626,-96.7962717,MEND,500,FALSE,"32.8081626, -96.7962717",Sandwich shop,,,FALSE,,,,Free,,,,0,,,,,,,,,,"32.8081626, -96.7962717",,FALSE,FALSE,FALSE,FALSE,0,0,0
Brain Food Dallas,"1409 Botham Jean Blvd, Dallas, TX 75215",2144940795,,Dallas,Texas,75215,http://brainfooddallas.com/,,32.7670624,-96.7956341,BRAI,500,FALSE,"32.7670624, -96.7956341",Caterer,,,FALSE,,FALSE,FALSE,Free,3,FALSE,FALSE,0,,FALSE,FALSE,FALSE,basic,,,,FALSE,"32.7670624, -96.7956341",,FALSE,FALSE,FALSE,FALSE,0,0,0
Meke The Salon,"1409 Botham Jean Blvd Suite 228, Dallas, TX 75215",9728036941,,Dallas,Texas,75215,https://www.mekethesalon.net/,,32.7669356,-96.7953464,MEKE,500,FALSE,"32.7669356, -96.7953464",Hair salon,,,FALSE,,,,Free,,,,0,,,,,,,,,,"32.7669356, -96.7953464",,FALSE,FALSE,FALSE,FALSE,0,0,0
Kitchen + Kocktails,"1933 Elm St, Dallas, TX 75201",4694725445,,Dallas,Texas,75201,https://kitchenkocktailsusa.com/,"Creative cocktails & generous comfort-food dishes served in a popular, classy venue.",32.7825873,-96.7946248,KITC,500,FALSE,"32.7825873, -96.7946248",Soul food restaurant,,,FALSE,,,,Free,,,,0,,,,,,,,,,"32.7825873, -96.7946248",,FALSE,FALSE,FALSE,FALSE,0,0,0
Turkey Leg Paradise,"1715 Botham Jean Blvd, Dallas, TX 75215",4693401391,,Dallas,Texas,75215,https://turkeylegparadisedallas.com/,"Flavored & smothered turkey legs, turkey tenders, fried seafood & sandwiches in a casual setting.",32.7657726,-96.7930799,TURK,500,FALSE,"32.7657726, -96.7930799",Restaurant,,,FALSE,,,,Free,,,,0,,,,,,,,,,"32.7657726, -96.7930799",,FALSE,FALSE,FALSE,FALSE,0,0,0
TUNSOUK,"920 S Harwood St #186, Dallas, TX 75201",9729033220,,Dallas,Texas,75201,http://www.tunsouk.com/,,32.7773442,-96.7903114,TUNS,500,FALSE,"32.7773442, -96.7903114",Gift shop,,,FALSE,,,,Free,,,,0,,,,,,,,,,"32.7773442, -96.7903114",,FALSE,FALSE,FALSE,FALSE,0,0,0
Caribbean Cabana,"920 S Harwood St, Dallas, TX 75201",9729457272,,Dallas,Texas,75201,https://caribbeancabana.top/,,32.77747,-96.7900856,CARI,500,FALSE,"32.77747, -96.7900856",Caribbean restaurant,,,FALSE,,FALSE,FALSE,Free,3,FALSE,FALSE,0,,FALSE,FALSE,FALSE,basic,,,,FALSE,"32.77747, -96.7900856",,FALSE,FALSE,FALSE,FALSE,0,0,0
oomi Kitchen,"3510 Ross Ave Ste 100, Dallas, TX 75204",4693720396,,Dallas,Texas,75204,http://oomikitchen.com/,,32.7962347,-96.787601,OOMI,500,FALSE,"32.7962347, -96.787601",Restaurant,,,FALSE,,,,Free,,,,0,,,,,,,,,,"32.7962347, -96.787601",,FALSE,FALSE,FALSE,FALSE,0,0,0
Hair Lounge,"2700 Swiss Ave #300, Dallas, TX 75204",2148243355,,Dallas,Texas,75204,,,32.7872385,-96.7874784,HAIR,500,FALSE,"32.7872385, -96.7874784",Hair salon,,,FALSE,,,,Free,,,,0,,,,,,,,,,"32.7872385, -96.7874784",,FALSE,FALSE,FALSE,FALSE,0,0,0
Dilla Coffee Roasters,"3823 Ross Ave, Dallas, TX 75204",2148219596,,Dallas,Texas,75204,http://dillacoffee.com/,,32.7988656,-96.7854694,DILL,500,FALSE,"32.7988656, -96.7854694",Coffee roastery,,,FALSE,,,,Free,,,,0,,,,,,,,,,"32.7988656, -96.7854694",,FALSE,FALSE,FALSE,FALSE,0,0,0
Urban Stylez Fashion and Apparel,"2310 Martin Luther King Jr Blvd, Dallas, TX 75215",4695074341,,Dallas,Texas,75215,http://shopurbanstylez.com/,,32.764432,-96.7730844,URBA,500,FALSE,"32.764432, -96.7730844",Clothing store,,,FALSE,,,,Free,,,,0,,,,,,,,,,"32.764432, -96.7730844",,FALSE,FALSE,FALSE,FALSE,0,0,0
The Hair Charmer,"1811 Greenville Ave Ste 20, Dallas, TX 75206",,,Dallas,Texas,75206,http://www.thehaircharmer.com/,,32.8125702,-96.7705569,HAIR,500,FALSE,"32.8125702, -96.7705569",Hair salon,,,FALSE,,,,Free,,,,0,,,,,,,,,,"32.8125702, -96.7705569",,FALSE,FALSE,FALSE,FALSE,0,0,0
Park Avenue CURLS,"3900 Commerce St Ste 106, Dallas, TX 75226",4693715525,,Dallas,Texas,75226,http://www.parkavenuecurls.com/,,32.7846199,-96.770431,PARK,500,FALSE,"32.7846199, -96.770431",Hair salon,,,FALSE,,,,Free,,,,0,,,,,,,,,,"32.7846199, -96.770431",,FALSE,FALSE,FALSE,FALSE,0,0,0
Texas Women's Foundation,"Campbell Centre Ii, 8150 N Central Expy #110, Dallas, TX 75206",2149659977,,Dallas,Texas,75206,https://txwf.org/,,32.862234,-96.7691153,TEXA,500,FALSE,"32.862234, -96.7691153",Non-profit organization,,,FALSE,,,,Free,,,,0,,,,,,,,,,"32.862234, -96.7691153",,FALSE,FALSE,FALSE,FALSE,0,0,0
Lace Me by J Lacy,"9100 N Central Expy Suite 190 # 38, Dallas, TX 75231",2146132903,,Dallas,Texas,75231,http://www.salonlaceme.com/,,32.8725497,-96.7689732,LACE,500,FALSE,"32.8725497, -96.7689732",Hair salon,,,FALSE,,,,Free,,,,0,,,,,,,,,,"32.8725497, -96.7689732",,FALSE,FALSE,FALSE,FALSE,0,0,0
Dallas Black Chamber of Commerce,"2922 Martin Luther King Jr Blvd, Dallas, TX 75215",2147026652,,Dallas,Texas,75215,http://dallasblackchamber.org/,,32.7698992,-96.767106,DALL,500,FALSE,"32.7698992, -96.767106",Chamber of Commerce,,,FALSE,,,,Free,,,,0,,,,,,,,,,"32.7698992, -96.767106",,FALSE,FALSE,FALSE,FALSE,0,0,0
Dreads By Dotie (Dallas),"2607 S Second Ave, Dallas, TX 75210",2144603445,,Dallas,Texas,75210,http://www.dreadsbydotie.com/,,32.7677645,-96.752715,DREA,500,FALSE,"32.7677645, -96.752715",Hair salon,,,FALSE,,,,Free,,,,0,,,,,,,,,,"32.7677645, -96.752715",,FALSE,FALSE,FALSE,FALSE,0,0,0
Da Bizznes Tax Title & Insurance Services LLC,"4106 Scyene Rd, Dallas, TX 75210",2144282499,,Dallas,Texas,75210,http://www.dabizztaxteam.com/,,32.766981,-96.749282,DABI,500,FALSE,"32.766981, -96.749282",Tax preparation,,,FALSE,,,,Free,,,,0,,,,,,,,,,"32.766981, -96.749282",,FALSE,FALSE,FALSE,FALSE,0,0,0
Seed dynamic unisex hair salon - Weaves & Locs,"100 Central Expy Ste 43 #102, Richardson, TX 75080",4707769541,,Richardson,Texas,75080,https://seed-dynamic-unisex-hair-salon.zoca.com/?utm_source=googlemaps&utm_medium=googlemapsprofile&utm_campaign=googlemaps,,32.9489663,-96.7369102,SEED,500,FALSE,"32.9489663, -96.7369102",Hair salon,,,FALSE,,,,Free,,,,0,,,,,,,,,,"32.9489663, -96.7369102",,FALSE,FALSE,FALSE,FALSE,0,0,0
Healthy Hair Salon & Fashion/braids/Barbering,"9410 Walnut St Ste 110, Dallas, TX 75243",4694304033,,Dallas,Texas,75243,http://healthyhairsalonandfashion.com/,,32.9233312,-96.7361024,HEAL,500,FALSE,"32.9233312, -96.7361024",Beauty salon,,,FALSE,,,,Free,,,,0,,,,,,,,,,"32.9233312, -96.7361024",,FALSE,FALSE,FALSE,FALSE,0,0,0
Trending New Boundaries,"5409 N Jim Miller Rd Ste 209, Dallas, TX 75227",8009646114,,Dallas,Texas,75227,,,32.7906387,-96.7007987,TREN,500,FALSE,"32.7906387, -96.7007987",Business management consultant,,,FALSE,,,,Free,,,,0,,,,,,,,,,"32.7906387, -96.7007987",,FALSE,FALSE,FALSE,FALSE,0,0,0
Rosati’s Pizza,"5261 Mckinney Ranch Pkwy, Mckinney, TX 75070",9725483900,,McKinney,Texas,75070,https://www.rosatispizza.com/location/mckinney-tx/,"Italian chain eatery featuring Chicago-style deep-dish pizza, plus pasta & sandwiches.",33.15879,-96.6832762,ROSA,500,FALSE,"33.15879, -96.6832762",Pizza restaurant,,,FALSE,,,,Free,,,,0,,,,,,,,,,"33.15879, -96.6832762",,FALSE,FALSE,FALSE,FALSE,0,0,0
Lubellas patisserie LLC,"10323 Ferguson Rd, Dallas, TX 75228",4699781801,,Dallas,Texas,75228,https://www.lubellaspatisserie.com/,,32.8361585,-96.6726514,LUBE,500,FALSE,"32.8361585, -96.6726514",Bakery,,,FALSE,,,,Free,,,,0,,,,,,,,,,"32.8361585, -96.6726514",,FALSE,FALSE,FALSE,FALSE,0,0,0
Pizza Inn,"3003 N Galloway Ave, Mesquite, TX 75150",9726867861,,Mesquite,Texas,75150,https://www.pizzainn.com/locations/mesquite-tx/,"Pizzeria & buffet chain offering several crust options, plus pastas & more.",32.8069098,-96.6117314,PIZZ,500,FALSE,"32.8069098, -96.6117314",Buffet restaurant,,,FALSE,,,,Free,,,,0,,,,,,,,,,"32.8069098, -96.6117314",,FALSE,FALSE,FALSE,FALSE,0,0,0
Beautimous Me Salon,"212 N Bryan Ave #103, Bryan, TX 77803",9797034584,,Bryan,Texas,77803,https://phorest.com/book/salons/beautimousmesalon,,30.6753938,-96.3740818,BEAU,500,FALSE,"30.6753938, -96.3740818",Beauty salon,,,FALSE,,FALSE,FALSE,Free,3,FALSE,FALSE,0,,FALSE,FALSE,FALSE,basic,,,,FALSE,"30.6753938, -96.3740818",,FALSE,FALSE,FALSE,FALSE,0,0,0
Lamar & Niki's Pit Barbecue and Soul Food,"2516 Texas Ave, Bryan, TX 77802",9797759059,,Bryan,Texas,77802,http://lamarandnikis.com/,,30.6470259,-96.3578703,LAMA,500,FALSE,"30.6470259, -96.3578703",American restaurant,,,FALSE,,,,Free,,,,0,,,,,,,,,,"30.6470259, -96.3578703",,FALSE,FALSE,FALSE,FALSE,0,0,0
Ulta Beauty,"1505 University Dr E Ste 250, College Station, TX 77840",9795951000,,College Station,Texas,77840,https://www.ulta.com/stores/college-station-tx-326,"Chain with a diverse selection of cosmetics & other beauty products, plus on-site salon services.",30.6398952,-96.3162107,ULTA,500,FALSE,"30.6398952, -96.3162107",Cosmetics store,,,FALSE,,,,Free,,,,0,,,,,,,,,,"30.6398952, -96.3162107",,FALSE,FALSE,FALSE,FALSE,0,0,0
Sheers Hair Salon,"209 Brentwood Dr E, College Station, TX 77840",9796964144,,College Station,Texas,77840,,,30.6110163,-96.3100386,SHEE,500,FALSE,"30.6110163, -96.3100386",Hair salon,,,FALSE,,,,Free,,,,0,,,,,,,,,,"30.6110163, -96.3100386",,FALSE,FALSE,FALSE,FALSE,0,0,0
Chef Cassy's Kitchen,"304 Us-175, Eustace, TX 75124",2144058846,,Eustace,Texas,75124,http://www.chefcassy.com/,,32.3111378,-96.0111174,CHEF,500,FALSE,"32.3111378, -96.0111174",Restaurant,,,FALSE,,FALSE,FALSE,Free,3,FALSE,FALSE,0,,FALSE,FALSE,FALSE,basic,,,,FALSE,"32.3111378, -96.0111174",,FALSE,FALSE,FALSE,FALSE,0,0,0
The Bearded Barber Barbershop,"680 W Dallas St #4, Canton, TX 75103",9033300516,,Canton,Texas,75103,https://beardedbarbercanton.com/,,32.5587393,-95.8682881,BEAR,500,FALSE,"32.5587393, -95.8682881",Barber shop,,,FALSE,,,,Free,,,,0,,,,,,,,,,"32.5587393, -95.8682881",,FALSE,FALSE,FALSE,FALSE,0,0,0
MeHernShe,"407 Pine Oak Dr, Athens, TX 75751",9033600183,,Athens,Texas,75751,,,32.1838462,-95.8638468,MEHE,500,FALSE,"32.1838462, -95.8638468",Stylist,,,FALSE,,,,Free,,,,0,,,,,,,,,,"32.1838462, -95.8638468",,FALSE,FALSE,FALSE,FALSE,0,0,0
Honey Apple Farm,"128 W Dallas St, Canton, TX 75103",2142080755,,Canton,Texas,75103,https://honeyapplefarm.com/,,32.5567942,-95.8636857,HONE,500,FALSE,"32.5567942, -95.8636857",Farm,,,FALSE,,,,Free,,,,0,,,,,,,,,,"32.5567942, -95.8636857",,FALSE,FALSE,FALSE,FALSE,0,0,0
Mabel's (Food Truck),"25407 Bell Patna Dr (Fridays Only, 25407 Bell Patna Dr, Katy, TX 77494",,,Katy,Texas,77494,http://bmoremabel.com/,,29.7765175,-95.8134195,MABE,500,FALSE,"29.7765175, -95.8134195",Catering food and drink supplier,,,FALSE,,,,Free,,,,0,,,,,,,,,,"29.7765175, -95.8134195",,FALSE,FALSE,FALSE,FALSE,0,0,0
La Diva Hair Salon,"25145 Star Ln, Katy, TX 77494",7134830660,,Katy,Texas,77494,http://ladivahairsalon25.booksy.com/,,29.7750786,-95.8037224,LADI,500,FALSE,"29.7750786, -95.8037224",Hair salon,,,FALSE,,,,Free,,,,0,,,,,,,,,,"29.7750786, -95.8037224",,FALSE,FALSE,FALSE,FALSE,0,0,0
Salons by JC Katy,"24551 Katy Fwy, Katy, TX 77494",8327707108,,Katy,Texas,77494,https://salonsbyjc.com/location/texas-katy/,,29.7834607,-95.7965283,SALO,500,FALSE,"29.7834607, -95.7965283",Hair salon,,,FALSE,,,,Free,,,,0,,,,,,,,,,"29.7834607, -95.7965283",,FALSE,FALSE,FALSE,FALSE,0,0,0
Venerate Beauty Supply,"21922 Bellaire Blvd Ste 500, Richmond, TX 77407",8324493145,,Richmond,Texas,77407,http://www.veneratebeautysupply.com/,,29.6929797,-95.7613024,VENE,500,FALSE,"29.6929797, -95.7613024",Beauty supply store,,,FALSE,,,,Free,,,,0,,,,,,,,,,"29.6929797, -95.7613024",,FALSE,FALSE,FALSE,FALSE,0,0,0
Tim Hortons,"21811 Clay Rd, Katy, TX 77449",2812067982,,Katy,Texas,77449,https://locations.timhortons.com/tx/katy/21811-clay-rd,"Canadian chain for signature premium-blend coffee, plus light fare, pastries & breakfast sandwiches.",29.8312192,-95.7553224,TIMH,500,FALSE,"29.8312192, -95.7553224",Coffee shop,,,FALSE,,,,Free,,,,0,,,,,,,,,,"29.8312192, -95.7553224",,FALSE,FALSE,FALSE,FALSE,0,0,0
Natural Hair of Katy,"21803 Morton Rd, Katy, TX 77449",2814074372,,Katy,Texas,77449,http://naturalhairofkaty.com/,,29.8161491,-95.750746,NATU,500,FALSE,"29.8161491, -95.750746",Hair salon,,,FALSE,,,,Free,,,,0,,,,,,,,,,"29.8161491, -95.750746",,FALSE,FALSE,FALSE,FALSE,0,0,0
True Textures,"3880 Greenhouse Rd 4 Ste. 416, Houston, TX 77084",8324276357,,Houston,Texas,77084,https://www.truetexturescustomwigs.com/,,29.8287244,-95.7028241,TRUE,500,FALSE,"29.8287244, -95.7028241",Wig shop,,,FALSE,,,,Free,,,,0,,,,,,,,,,"29.8287244, -95.7028241",,FALSE,FALSE,FALSE,FALSE,0,0,0
Journey's Hair Studio & Spa Jaeger,"14020 Telge Rd, Cypress, TX 77429",2813044224,,Cypress,Texas,77429,https://www.journeyshairstudioandspajaeger.com/,,29.9782415,-95.6525069,JOUR,500,FALSE,"29.9782415, -95.6525069",Hair salon,,,FALSE,,,,Free,,,,0,,,,,,,,,,"29.9782415, -95.6525069",,FALSE,FALSE,FALSE,FALSE,0,0,0
Mona D Coiffeur,"Located Inside Of Phenix Salon Suites, 6783 Hwy 6 N Ste 140, Houston, TX 77084",7139365508,,Houston,Texas,77084,http://www.monadco.com/,,29.8748706,-95.6469142,MONA,500,FALSE,"29.8748706, -95.6469142",Beauty salon,,,FALSE,,,,Free,,,,0,,,,,,,,,,"29.8748706, -95.6469142",,FALSE,FALSE,FALSE,FALSE,0,0,0
Mao´s Bakery,"4918 Hwy 6 N, Houston, TX 77084",2818614768,,Houston,Texas,77084,https://www.ordermaosbakery.com/,,29.8475437,-95.6449166,MAO´,500,FALSE,"29.8475437, -95.6449166",Bakery,,,FALSE,,,,Free,,,,0,,,,,,,,,,"29.8475437, -95.6449166",,FALSE,FALSE,FALSE,FALSE,0,0,0
Kimarastyles,"16151 Cairnway Dr Suite 107G, Houston, TX 77084",8772165505,,Houston,Texas,77084,https://kimarastyles.square.site/,,29.8409845,-95.6444308,KIMA,500,FALSE,"29.8409845, -95.6444308",Hair salon,,,FALSE,,,,Free,,,,0,,,,,,,,,,"29.8409845, -95.6444308",,FALSE,FALSE,FALSE,FALSE,0,0,0
Crown Theory Salon | Silk Press & Natural Hair Salon,"14150 Huffmeister Rd Suite 150, Studio 12 Studio 12, Cypress, TX 77429",8328473236,,Cypress,Texas,77429,http://crowntheory1.glossgenius.com/,,29.9745072,-95.6443989,CROW,500,FALSE,"29.9745072, -95.6443989",Hair salon,,,FALSE,,,,Free,,,,0,,,,,,,,,,"29.9745072, -95.6443989",,FALSE,FALSE,FALSE,FALSE,0,0,0
Hair Tyme Beauty Lounge,"9760 S Texas 6 Ste 500, Sugar Land, TX 77498",7138558800,,Sugar Land,Texas,77498,http://www.myhairtyme.com/,,29.6720275,-95.6442096,HAIR,500,FALSE,"29.6720275, -95.6442096",Hair salon,,,FALSE,,,,Free,,,,0,,,,,,,,,,"29.6720275, -95.6442096",,FALSE,FALSE,FALSE,FALSE,0,0,0
Dabira Jewelry,"6287 S Texas 6, Houston, TX 77083",2817334838,,Houston,Texas,77083,,,29.7100212,-95.6434613,DABI,500,FALSE,"29.7100212, -95.6434613",Clothing store,,,FALSE,,,,Free,,,,0,,,,,,,,,,"29.7100212, -95.6434613",,FALSE,FALSE,FALSE,FALSE,0,0,0
Deity Style Studios,"840 N Eldridge Pkwy #100, Houston, TX 77079",8327913818,,Houston,Texas,77079,https://square.site/book/LBC3DD8SGJYFW/deitystylestudios-houston-tx,,29.7784278,-95.6175814,DEIT,500,FALSE,"29.7784278, -95.6175814",Hair salon,,,FALSE,,,,Free,,,,0,,,,,,,,,,"29.7784278, -95.6175814",,FALSE,FALSE,FALSE,FALSE,0,0,0
Glam Divine Treats Soul N African Cuisine,"6788 Synott Rd, Houston, TX 77083",3463357116,,Houston,Texas,77083,https://www.glamdivinetreatssoulnafricancuisine.com/,,29.7045118,-95.6153335,GLAM,500,FALSE,"29.7045118, -95.6153335",West African restaurant,,,FALSE,,,,Free,,,,0,,,,,,,,,,"29.7045118, -95.6153335",,FALSE,FALSE,FALSE,FALSE,0,0,0
DBSALON,"19708 Northwest Fwy #700, Jersey Village, TX 77065",8329124669,,Jersey Village,Texas,77065,,,29.9153815,-95.6123889,DBSA,500,FALSE,"29.9153815, -95.6123889",Hair salon,,,FALSE,,,,Free,,,,0,,,,,,,,,,"29.9153815, -95.6123889",,FALSE,FALSE,FALSE,FALSE,0,0,0
SERVPRO of Sugar Land,"740 Industrial Blvd, Sugar Land, TX 77478",2813131338,,Sugar Land,Texas,77478,https://www.servpro.com/locations/tx/servpro-of-sugar-land?utm_medium=organic&utm_source=gbp,,29.6377906,-95.6067122,SERV,500,FALSE,"29.6377906, -95.6067122",Water damage restoration service,,,FALSE,,,,Free,,,,0,,,,,,,,,,"29.6377906, -95.6067122",,FALSE,FALSE,FALSE,FALSE,0,0,0
Ego Braids and Natural Hair LLC,"1500 S Dairy Ashford Rd Ste 210N, Houston, TX 77077",3464339557,,Houston,Texas,77077,http://egobraidandlocs.com/,,29.7529639,-95.6066929,EGOB,500,FALSE,"29.7529639, -95.6066929",Hair salon,,,FALSE,,,,Free,,,,0,,,,,,,,,,"29.7529639, -95.6066929",,FALSE,FALSE,FALSE,FALSE,0,0,0
Hair Braiding Corner,"1801 S Dairy Ashford Rd, Houston, TX 77077",3464543881,,Houston,Texas,77077,,,29.7475194,-95.6052095,HAIR,500,FALSE,"29.7475194, -95.6052095",Hair salon,,,FALSE,,,,Free,,,,0,,,,,,,,,,"29.7475194, -95.6052095",,FALSE,FALSE,FALSE,FALSE,0,0,0
Haystacks,"206 Main St, Sulphur Springs, TX 75482",9037418324,,Sulphur Springs,Texas,75482,https://haystackstexas.com/,,33.1375579,-95.6018753,HAYS,500,FALSE,"33.1375579, -95.6018753",Restaurant,,,FALSE,,,,Free,,,,0,,,,,,,,,,"33.1375579, -95.6018753",,FALSE,FALSE,FALSE,FALSE,0,0,0
HairBySheleen L.L.C. (Black Hair Salon In Houston),"12350 Westheimer Rd Unite H Suite 113, Houston, TX 77077",5046219277,,Houston,Texas,77077,,,29.7369713,-95.6002787,HAIR,500,FALSE,"29.7369713, -95.6002787",Beauty salon,,,FALSE,,,,Free,,,,0,,,,,,,,,,"29.7369713, -95.6002787",,FALSE,FALSE,FALSE,FALSE,0,0,0
Chicken Express,"1125 Mockingbird Ln, Sulphur Springs, TX 75482",9038853677,,Sulphur Springs,Texas,75482,https://chickene.com/,"Fast-food chain serving up fried chicken, plus catfish, hushpuppies & desserts.",33.1212822,-95.595537,CHIC,500,FALSE,"33.1212822, -95.595537",Fast food restaurant,,,FALSE,,FALSE,FALSE,Free,3,FALSE,FALSE,0,,FALSE,FALSE,FALSE,basic,,,,FALSE,"33.1212822, -95.595537",,FALSE,FALSE,FALSE,FALSE,0,0,0
G&Q Braiding Salon,"8484 Wilcrest Dr Suit F, Houston, TX 77072",7135147403,,Houston,Texas,77072,http://www.gqbraiding.com/,,29.6856351,-95.5700554,G&QB,500,FALSE,"29.6856351, -95.5700554",Hair salon,,,FALSE,,,,Free,,,,0,,,,,,,,,,"29.6856351, -95.5700554",,FALSE,FALSE,FALSE,FALSE,0,0,0
Annie B’s Southern Cuisine (Soul Y Mex Kitchen),"9603 Fm 1960 W, Houston, TX 77070",3465696070,,Houston,Texas,77070,,,29.9422948,-95.5687218,ANNI,500,FALSE,"29.9422948, -95.5687218",Soul food restaurant,,,FALSE,,FALSE,FALSE,Free,3,FALSE,FALSE,0,,FALSE,FALSE,FALSE,basic,,,,FALSE,"29.9422948, -95.5687218",,FALSE,FALSE,FALSE,FALSE,0,0,0
She's Happy Hair,"11422 Southwest Fwy, Houston, TX 77031",2819044684,,Houston,Texas,77031,https://www.sheshappyhair.com/pages/houston-southwest,,29.6545477,-95.5663271,SHE',500,FALSE,"29.6545477, -95.5663271",Hair extensions supplier,,,FALSE,,,,Free,,,,0,,,,,,,,,,"29.6545477, -95.5663271",,FALSE,FALSE,FALSE,FALSE,0,0,0
Mikki's Soul Food Cafe,"10500 W Bellfort Ave #100, Houston, TX 77031",2815685115,,Houston,Texas,77031,https://mikkiscafe.com/mikkissoulfoodcafe-5bcl4r?utm_source=google,"Daily specials featuring homemade soul food, sides & cornbread are offered at this simple eatery.",29.6538604,-95.5635374,MIKK,500,FALSE,"29.6538604, -95.5635374",Soul food restaurant,,,FALSE,,,,Free,,,,0,,,,,,,,,,"29.6538604, -95.5635374",,FALSE,FALSE,FALSE,FALSE,0,0,0
Houston Black Business Consultant,"12848 Queensbury Ln #208, Houston, TX 77024",3462431611,,Houston,Texas,77024,https://houstonblackbusinessconsultant.com/,,29.7789437,-95.5610984,HOUS,500,FALSE,"29.7789437, -95.5610984",Business management consultant,,,FALSE,,,,Free,,,,0,,,,,,,,,,"29.7789437, -95.5610984",,FALSE,FALSE,FALSE,FALSE,0,0,0
"Noir Legacy Ventures, LLC","12848 Queensbury Ln Ste, 208, Houston, TX 77024",3462431611,,Houston,Texas,77024,,,29.7790182,-95.5610984,NOIR,500,FALSE,"29.7790182, -95.5610984",Business management consultant,,,FALSE,,,,Free,,,,0,,,,,,,,,,"29.7790182, -95.5610984",,FALSE,FALSE,FALSE,FALSE,0,0,0
WOW African Hair Braiding – Bissonnet,"9817 Bissonnet St Ste H, Houston, TX 77036",7133965705,,Houston,Texas,77036,https://wowhairbraiding.com/locations/bissonnet/?utm_source=google&utm_medium=organic&utm_campaign=gbp-bissonnet,,29.6742184,-95.5517733,WOWA,500,FALSE,"29.6742184, -95.5517733",Hair salon,,,FALSE,,,,Free,,,,0,,,,,,,,,,"29.6742184, -95.5517733",,FALSE,FALSE,FALSE,FALSE,0,0,0
SALON Per Se,"9630 Clarewood Dr Unit A-6, Houston, TX 77036",2815012516,,Houston,Texas,77036,http://www.salonperse.com/,,29.7075098,-95.5503722,SALO,500,FALSE,"29.7075098, -95.5503722",Hair salon,,,FALSE,,,,Free,,,,0,,,,,,,,,,"29.7075098, -95.5503722",,FALSE,FALSE,FALSE,FALSE,0,0,0
Jazzie Hair Studio Hair - Trichologist,"11411 Windfern Rd Suite. 330, Houston, TX 77064",8327154860,,Houston,Texas,77064,https://blinq.me/nc3t5ED44G41OfH4WSUY,,29.9331799,-95.5488083,JAZZ,500,FALSE,"29.9331799, -95.5488083",Hair salon,,,FALSE,,,,Free,,,,0,,,,,,,,,,"29.9331799, -95.5488083",,FALSE,FALSE,FALSE,FALSE,0,0,0
The Flying Biscuit Cafe,"12389 Kingsride Ln, Houston, TX 77024",8326590618,,Houston,Texas,77024,https://flyingbiscuit.com/locations-2/memorialcity/,Branch of a laid-back chain known for Southern food & all-day breakfast selections.,29.77879,-95.5470795,FLYI,500,FALSE,"29.77879, -95.5470795",Restaurant,,,FALSE,,,,Free,,,,0,,,,,,,,,,"29.77879, -95.5470795",,FALSE,FALSE,FALSE,FALSE,0,0,0
Harlem Nights Scratch Kitchen and Cocktails,"1320 Fitzhugh Ave, Paris, TX 75460",9037061866,,Paris,Texas,75460,https://harlemnightsparistx.com/?utm_source=google,,33.6727526,-95.5470426,HARL,500,FALSE,"33.6727526, -95.5470426",Restaurant,,,FALSE,,,,Free,,,,0,,,,,,,,,,"33.6727526, -95.5470426",,FALSE,FALSE,FALSE,FALSE,0,0,0
BBeautiful Natural Hair Care /Silk Press,"947 Gessner Rd B180 Suite 104, Houston, TX 77024",3465208086,,Houston,Texas,77024,https://www.beautifulforu.com/,,29.7834174,-95.5451586,BBEA,500,FALSE,"29.7834174, -95.5451586",Hair salon,,,FALSE,,FALSE,FALSE,Free,3,FALSE,FALSE,0,,FALSE,FALSE,FALSE,basic,,,,FALSE,"29.7834174, -95.5451586",,FALSE,FALSE,FALSE,FALSE,0,0,0
Kelatic Hair Lounge,"9430 Richmond Ave Ste B, Houston, TX 77063",7134854000,,Houston,Texas,77063,http://www.kelatichairlounge.com/,,29.729341,-95.531792,KELA,500,FALSE,"29.729341, -95.531792",Hair salon,,,FALSE,,,,Free,,,,0,,,,,,,,,,"29.729341, -95.531792",,FALSE,FALSE,FALSE,FALSE,0,0,0
Naturally Rooted Natural Hair Salon,"11902 S Gessner Rd Studio #17, Houston, TX 77071",8326773077,,Houston,Texas,77071,https://www.instagram.com/naturallyrootedsalon?igsh=MWk5bHRldTJ3b2l4eQ%3D%3D&utm_source=qr,,29.6485488,-95.5288752,NATU,500,FALSE,"29.6485488, -95.5288752",Hair salon,,,FALSE,,,,Free,,,,0,,,,,,,,,,"29.6485488, -95.5288752",,FALSE,FALSE,FALSE,FALSE,0,0,0
Loc'd N Studios,"2340 Texas Pkwy, Missouri City, TX 77489",7132949817,,Missouri City,Texas,77489,https://www.locdnstudios.com/,,29.5938109,-95.5276605,LOC',500,FALSE,"29.5938109, -95.5276605",Hair salon,,,FALSE,,,,Free,,,,0,,,,,,,,,,"29.5938109, -95.5276605",,FALSE,FALSE,FALSE,FALSE,0,0,0
Tight Ends Hair Studio,"8323 Southwest Fwy #430, Houston, TX 77074",2819019352,,Houston,Texas,77074,https://tight-ends-hair-salon.square.site/,,29.6879294,-95.5270361,TIGH,500,FALSE,"29.6879294, -95.5270361",Hair salon,,,FALSE,,,,Free,,,,0,,,,,,,,,,"29.6879294, -95.5270361",,FALSE,FALSE,FALSE,FALSE,0,0,0
Miss Patty's Southern Soul & Seafood Kitchen,"8330 W Bellfort Ave B, Houston, TX 77071",2815154882,,Houston,Texas,77071,http://www.misspattyskitchen.com/,,29.6561177,-95.5242926,MISS,500,FALSE,"29.6561177, -95.5242926",Restaurant,,,FALSE,,,,Free,,,,0,,,,,,,,,,"29.6561177, -95.5242926",,FALSE,FALSE,FALSE,FALSE,0,0,0
Lady Ayri Natural Hair Care LLC,"3232 Fondren Rd, Houston, TX 77063",8322653792,,Houston,Texas,77063,http://www.ladyayri.com/,,29.7294189,-95.5211444,LADY,500,FALSE,"29.7294189, -95.5211444",Hair salon,,,FALSE,,,,Free,,,,0,,,,,,,,,,"29.7294189, -95.5211444",,FALSE,FALSE,FALSE,FALSE,0,0,0
Black Hair Design,"6111 Cypress Creek Pkwy Ste 201, Houston, TX 77069",2812502615,,Houston,Texas,77069,,,29.974839,-95.520991,BLAC,500,FALSE,"29.974839, -95.520991",Beauty salon,,,FALSE,,FALSE,FALSE,Free,3,FALSE,FALSE,0,,FALSE,FALSE,FALSE,basic,,,,FALSE,"29.974839, -95.520991",,FALSE,FALSE,FALSE,FALSE,0,0,0
WiNK Hair Braiding Salon,"8574 Westheimer Rd Suite A, Houston, TX 77063",8328062805,,Houston,Texas,77063,,,29.7380754,-95.5149234,WINK,500,FALSE,"29.7380754, -95.5149234",Hair salon,,,FALSE,,,,Free,,,,0,,,,,,,,,,"29.7380754, -95.5149234",,FALSE,FALSE,FALSE,FALSE,0,0,0
Feminine Attractions - Hair Braiding Houston,"7447 Harwin Dr. Ste 101, Houston, TX 77036",3462268571,,Houston,Texas,77036,https://feminineattractions.com/?utm_campaign=gmb,,29.7172258,-95.5146569,FEMI,500,FALSE,"29.7172258, -95.5146569",Hairdresser,,,FALSE,,,,Free,,,,0,,,,,,,,,,"29.7172258, -95.5146569",,FALSE,FALSE,FALSE,FALSE,0,0,0
S Signature Beauty Bar LLC,"7211 Regency Square Blvd Suite 108, Houston, TX 77036",3467072141,,Houston,Texas,77036,,,29.7152377,-95.5103945,SSIG,500,FALSE,"29.7152377, -95.5103945",Health and beauty shop,,,FALSE,,,,Free,,,,0,,,,,,,,,,"29.7152377, -95.5103945",,FALSE,FALSE,FALSE,FALSE,0,0,0
Glory Is Our Hair,"7011 Harwin Dr., Houston, TX 77036",7136405934,,Houston,Texas,77036,https://gloryisourhair.wixsite.com/gioh,,29.717724,-95.5063642,GLOR,500,FALSE,"29.717724, -95.5063642",Hair extension technician,,,FALSE,,,,Free,,,,0,,,,,,,,,,"29.717724, -95.5063642",,FALSE,FALSE,FALSE,FALSE,0,0,0
HOME OF BEAUTY XIV,"11106 Bammel North Houston Rd B, Houston, TX 77066",8327058686,,Houston,Texas,77066,https://www.homeofbeautyxiv.com/,,29.9550565,-95.498019,HOME,500,FALSE,"29.9550565, -95.498019",Hair salon,,,FALSE,,,,Free,,,,0,,,,,,,,,,"29.9550565, -95.498019",,FALSE,FALSE,FALSE,FALSE,0,0,0
YOUR HAIR SALON,"13408 Tomball Pkwy, Houston, TX 77086",8327820152,,Houston,Texas,77086,,,29.9168739,-95.4877312,YOUR,500,FALSE,"29.9168739, -95.4877312",Hair salon,,,FALSE,,,,Free,,,,0,,,,,,,,,,"29.9168739, -95.4877312",,FALSE,FALSE,FALSE,FALSE,0,0,0
SBK Studios - Upscale Natural Hair Salon & Spa of Houston,"3648 Cypress Creek Pkwy, Houston, TX 77068",4247041866,,Houston,Texas,77068,http://www.sbkluxurysuites.com/,,29.9926707,-95.4849545,SBKS,500,FALSE,"29.9926707, -95.4849545",Hair salon,,,FALSE,,,,Free,,,,0,,,,,,,,,,"29.9926707, -95.4849545",,FALSE,FALSE,FALSE,FALSE,0,0,0
The Upper Hand Salon: Memorial,"7951 Katy Fwy Ste F, Houston, TX 77024",7135202014,,Houston,Texas,77024,http://www.theupperhand.com/,,29.7824301,-95.4784846,UPPE,500,FALSE,"29.7824301, -95.4784846",Hair salon,,,FALSE,,,,Free,,,,0,,,,,,,,,,"29.7824301, -95.4784846",,FALSE,FALSE,FALSE,FALSE,0,0,0
Hair by LaQuia,"5455 Richmond Ave #4044, Houston, TX 77056",,,Houston,Texas,77056,https://hairbylaquia.square.site/,,29.7307481,-95.4729196,HAIR,500,FALSE,"29.7307481, -95.4729196",Hair salon,,,FALSE,,,,Free,,,,0,,,,,,,,,,"29.7307481, -95.4729196",,FALSE,FALSE,FALSE,FALSE,0,0,0
O' Taste & See Eatery,"10971 Northwest Fwy, Houston, TX 77092",2818885882,,Houston,Texas,77092,http://www.o-tasteandsee.com/,,29.8163567,-95.467317,O'TA,500,FALSE,"29.8163567, -95.467317",Southern restaurant (US),,,FALSE,,,,Free,,,,0,,,,,,,,,,"29.8163567, -95.467317",,FALSE,FALSE,FALSE,FALSE,0,0,0
Salon Meyerland - Natural and Relaxed Black Hair in Houston,"10350 S Post Oak Rd, Houston, TX 77035",7132839300,,Houston,Texas,77035,http://www.salonmeyerland.com/,,29.668318,-95.463959,SALO,500,FALSE,"29.668318, -95.463959",Hair salon,,,FALSE,,,,Free,,,,0,,,,,,,,,,"29.668318, -95.463959",,FALSE,FALSE,FALSE,FALSE,0,0,0
Black Book Houston,"12401 S Post Oak Rd Suite 228, Houston, TX 77045",3464295112,,Houston,Texas,77045,http://www.blackbookhouston.com/,,29.6457435,-95.4625459,BLAC,500,FALSE,"29.6457435, -95.4625459",Marketing agency,,,FALSE,,FALSE,FALSE,Free,3,FALSE,FALSE,0,,FALSE,FALSE,FALSE,basic,,,,FALSE,"29.6457435, -95.4625459",,FALSE,FALSE,FALSE,FALSE,0,0,0
Visible Changes (inside Galleria 1),"5015 Westheimer Rd #1154, Houston, TX 77056",7136277234,,Houston,Texas,77056,http://visiblechanges.com/,,29.7394825,-95.462037,VISI,500,FALSE,"29.7394825, -95.462037",Hair salon,,,FALSE,,,,Free,,,,0,,,,,,,,,,"29.7394825, -95.462037",,FALSE,FALSE,FALSE,FALSE,0,0,0
Pressed Roots,"5000 Westheimer Rd #118, Houston, TX 77056",9787079545,,Houston,Texas,77056,https://pressedroots.com/,,29.7417659,-95.4619055,PRES,500,FALSE,"29.7417659, -95.4619055",Hair salon,,,FALSE,,,,Free,,,,0,,,,,,,,,,"29.7417659, -95.4619055",,FALSE,FALSE,FALSE,FALSE,0,0,0
Greater Houston Black Chamber of Commerce,"4828 Loop Central Dr #1000, Houston, TX 77081",7136608299,,Houston,Texas,77081,http://www.ghbcc.com/,,29.7251529,-95.4550036,GREA,500,FALSE,"29.7251529, -95.4550036",Chamber of Commerce,,,FALSE,,,,Free,,,,0,,,,,,,,,,"29.7251529, -95.4550036",,FALSE,FALSE,FALSE,FALSE,0,0,0
Glam And Glow By Quin LLC,"9701 Meyer Forest Dr, Houston, TX 77096",8329935000,,Houston,Texas,77096,http://glambyquin.com/,,29.6744709,-95.4545414,GLAM,500,FALSE,"29.6744709, -95.4545414",Hair salon,,,FALSE,,,,Free,,,,0,,,,,,,,,,"29.6744709, -95.4545414",,FALSE,FALSE,FALSE,FALSE,0,0,0
Visible Changes (inside The Woodlands Mall),"1201 Lake Woodlands Dr, The Woodlands, TX 77380",2813621110,,The Woodlands,Texas,77380,http://visiblechanges.com/,,30.164178,-95.4540789,VISI,500,FALSE,"30.164178, -95.4540789",Hair salon,,,FALSE,,,,Free,,,,0,,,,,,,,,,"30.164178, -95.4540789",,FALSE,FALSE,FALSE,FALSE,0,0,0
Houston Loctician Princess Styles (Locs),"4458 W Fuqua St 120 Suite 3, Houston, TX 77045",8328820868,,Houston,Texas,77045,https://locsbyprincess.as.me/schedule/0dcee7b1,,29.6138531,-95.4450607,HOUS,500,FALSE,"29.6138531, -95.4450607",Hair salon,,,FALSE,,,,Free,,,,0,,,,,,,,,,"29.6138531, -95.4450607",,FALSE,FALSE,FALSE,FALSE,0,0,0
DHairBoutique - Houston,"3929 Richmond Ave, Houston, TX 77027",8327670962,,Houston,Texas,77027,https://dhair-boutique.com/,,29.7322237,-95.440376,DHAI,500,FALSE,"29.7322237, -95.440376",Hair salon,,,FALSE,,,,Free,,,,0,,,,,,,,,,"29.7322237, -95.440376",,FALSE,FALSE,FALSE,FALSE,0,0,0
The Loc Nest Trap,"616 Fm 1960 W, Houston, TX 77090",7134250156,,Houston,Texas,77090,http://thelocnesttrap.booksy.com/,,30.0187407,-95.4391958,LOCN,500,FALSE,"30.0187407, -95.4391958",Hair salon,,,FALSE,,,,Free,,,,0,,,,,,,,,,"30.0187407, -95.4391958",,FALSE,FALSE,FALSE,FALSE,0,0,0
Taste of the Caribbean,"13331 Kuykendahl Rd Ste 117, Houston, TX 77090",8324796525,,Houston,Texas,77090,http://www.tasteofthecaribbeanusa.com/,"Unassuming place offering a menu of traditional Caribbean dishes, plus weekend breakfast.",29.9780448,-95.4353298,TAST,500,FALSE,"29.9780448, -95.4353298",Caribbean restaurant,,,FALSE,,,,Free,,,,0,,,,,,,,,,"29.9780448, -95.4353298",,FALSE,FALSE,FALSE,FALSE,0,0,0
PlatinumBlack,"3 Greenway Plz # 1700, Houston, TX 77046",7138748200,,Houston,Texas,77046,https://www.platinumblack.com/,,29.7315913,-95.4313081,PLAT,500,FALSE,"29.7315913, -95.4313081",Marketing agency,,,FALSE,,,,Free,,,,0,,,,,,,,,,"29.7315913, -95.4313081",,FALSE,FALSE,FALSE,FALSE,0,0,0
Houston's Finest Weave & Natural Hair Salon,"211 Cypress Creek Pkwy, Houston, TX 77090",2818366744,,Houston,Texas,77090,http://www.vagaro.com/houstonsfinest,,30.0199444,-95.4313021,HOUS,500,FALSE,"30.0199444, -95.4313021",Beauty salon,,,FALSE,,,,Free,,,,0,,,,,,,,,,"30.0199444, -95.4313021",,FALSE,FALSE,FALSE,FALSE,0,0,0
McDonald's,"3025 Ella Blvd, Houston, TX 77018",7138611341,,Houston,Texas,77018,https://www.mcdonalds.com/us/en-us/location/TX/HOUSTON/3025-ELLA-BLVD/2001.html?cid=RF:YXT:GMB::Clicks,"Classic, long-running fast-food chain known for its burgers & fries.",29.8145507,-95.4299534,MCDO,500,FALSE,"29.8145507, -95.4299534",Fast food restaurant,,,FALSE,,,,Free,,,,0,,,,,,,,,,"29.8145507, -95.4299534",,FALSE,FALSE,FALSE,FALSE,0,0,0
She's Happy Hair,"3280 S Loop W, Houston, TX 77025",2813824936,,Houston,Texas,77025,https://www.sheshappyhair.com/pages/houston-south,,29.6788139,-95.4281977,SHE',500,FALSE,"29.6788139, -95.4281977",Hair extensions supplier,,,FALSE,,,,Free,,,,0,,,,,,,,,,"29.6788139, -95.4281977",,FALSE,FALSE,FALSE,FALSE,0,0,0
My Salon Suite,"1507 W 18Th St, Houston, TX 77008",9367778483,,Houston,Texas,77008,https://mysalonsuite.com/heightswest?utm_source=google_business&utm_medium=search&utm_campaign=profile,,29.8022814,-95.4276879,MYSA,500,FALSE,"29.8022814, -95.4276879",Beauty salon,,,FALSE,,,,Free,,,,0,,,,,,,,,,"29.8022814, -95.4276879",,FALSE,FALSE,FALSE,FALSE,0,0,0
Dress for Success Houston,"3310 Eastside St, Houston, TX 77098",7139573779,,Houston,Texas,77098,http://dfshouston.org/,,29.7363233,-95.4251379,DRES,500,FALSE,"29.7363233, -95.4251379",Non-profit organization,,,FALSE,,,,Free,,,,0,,,,,,,,,,"29.7363233, -95.4251379",,FALSE,FALSE,FALSE,FALSE,0,0,0
Nyoka Gregory Beauty,"3100 Richmond Ave, Houston, TX 77098",2819445642,,Houston,Texas,77098,https://nyokagregorybeauty.com/,,29.7345029,-95.4249255,NYOK,500,FALSE,"29.7345029, -95.4249255",Hair salon,,,FALSE,,,,Free,,,,0,,,,,,,,,,"29.7345029, -95.4249255",,FALSE,FALSE,FALSE,FALSE,0,0,0
Black Roses Hair Weaving Studio,"396 W Greens Rd Suite 424, Houston, TX 77067",9372704091,,Houston,Texas,77067,https://cecemystylist.com/,,29.9498169,-95.4214881,BLAC,500,FALSE,"29.9498169, -95.4214881",Beauty salon,,,FALSE,,FALSE,FALSE,Free,3,FALSE,FALSE,0,,FALSE,FALSE,FALSE,basic,,,,FALSE,"29.9498169, -95.4214881",,FALSE,FALSE,FALSE,FALSE,0,0,0
Five Central Houston,"2736 Virginia St, Houston, TX 77098",8323532336,,Houston,Texas,77098,https://www.fivecentralhouston.com/,"Comprehensive dining & drinking destination with a casual bistro, live music lounge & cozy bars.",29.7411305,-95.4214347,FIVE,500,FALSE,"29.7411305, -95.4214347",American restaurant,,,FALSE,,,,Free,,,,0,,,,,,,,,,"29.7411305, -95.4214347",,FALSE,FALSE,FALSE,FALSE,0,0,0
Upper Kirby Bistro,"2736 Virginia St, Houston, TX 77098",8323532336,,Houston,Texas,77098,https://www.upperkirbybistro.com/,,29.7412459,-95.4213042,UPPE,500,FALSE,"29.7412459, -95.4213042",American restaurant,,,FALSE,,,,Free,,,,0,,,,,,,,,,"29.7412459, -95.4213042",,FALSE,FALSE,FALSE,FALSE,0,0,0
milk + honey | River Oaks,"2800 Kirby Dr A134, Houston, TX 77098",7132310250,,Houston,Texas,77098,https://milkandhoneyspa.com/?utm_source=google&utm_medium=organic&utm_campaign=gmb-listing&utm_content=river-oaks,,29.7415588,-95.4190932,MILK,500,FALSE,"29.7415588, -95.4190932",Hair salon,,,FALSE,,,,Free,,,,0,,,,,,,,,,"29.7415588, -95.4190932",,FALSE,FALSE,FALSE,FALSE,0,0,0
Ro’s Natural Hair Studio LLC,"2600 S Loop W #480, Houston, TX 77054",8329534247,,Houston,Texas,77054,https://rosnaturalhairstudiollc.com/,,29.6785373,-95.4184572,RO’S,500,FALSE,"29.6785373, -95.4184572",Hair salon,,,FALSE,,,,Free,,,,0,,,,,,,,,,"29.6785373, -95.4184572",,FALSE,FALSE,FALSE,FALSE,0,0,0
"The Baker's Son - Houston, TX","8025 Main St Ste A, Houston, TX 77025",8324749688,,Houston,Texas,77025,https://thebakersonusa.com/,,29.6929701,-95.4146407,BAKE,500,FALSE,"29.6929701, -95.4146407",Bakery,,,FALSE,,,,Free,,,,0,,,,,,,,,,"29.6929701, -95.4146407",,FALSE,FALSE,FALSE,FALSE,0,0,0
Esther's Cajun Café & Soul Food,"5007 N Shepherd Dr, Houston, TX 77018",7136991212,,Houston,Texas,77018,http://www.estherscajunsoul.com/,Hearty Cajun fare & Southern cooking is the forte of this casual spot with warm hues & booth seats.,29.8394002,-95.4112589,ESTH,500,FALSE,"29.8394002, -95.4112589",Southern restaurant (US),,,FALSE,,,,Free,,,,0,,,,,,,,,,"29.8394002, -95.4112589",,FALSE,FALSE,FALSE,FALSE,0,0,0
Helena Braiding & Barber Lounge,"3425 S Shepherd Dr #330, Houston, TX 77098",3468451100,,Houston,Texas,77098,https://helenabraiding.glossgenius.com/,,29.7352573,-95.410373,HELE,500,FALSE,"29.7352573, -95.410373",Hair salon,,,FALSE,,,,Free,,,,0,,,,,,,,,,"29.7352573, -95.410373",,FALSE,FALSE,FALSE,FALSE,0,0,0
Flower Child (Houston Heights),"1533 N Shepherd Dr Ste 100, Houston, TX 77008",3462304478,,Houston,Texas,77008,https://www.iamaflowerchild.com/locations/houston-tx-houston-heights/?utm_source=Google&utm_medium=Organic&utm_campaign=Maps,,29.7991112,-95.410228,FLOW,500,FALSE,"29.7991112, -95.410228",American restaurant,,,FALSE,,,,Free,,,,0,,,,,,,,,,"29.7991112, -95.410228",,FALSE,FALSE,FALSE,FALSE,0,0,0
Mico's Hot Chicken,"2400 N Shepherd Dr Ste 100, Houston, TX 77008",7136894600,,Houston,Texas,77008,https://micoshotchicken.com/,"Generous chicken burger portions dispensed from a compact, casual eatery with a covered terrace.",29.8080211,-95.4097354,MICO,500,FALSE,"29.8080211, -95.4097354",Chicken restaurant,,,FALSE,,,,Free,,,,0,,,,,,,,,,"29.8080211, -95.4097354",,FALSE,FALSE,FALSE,FALSE,0,0,0
Lather and Mane,"4622 Nolda St, Houston, TX 77007",3138505889,,Houston,Texas,77007,http://designsbytabatha.weebly.com/,,29.7764817,-95.408338,LATH,500,FALSE,"29.7764817, -95.408338",Hair salon,,,FALSE,,,,Free,,,,0,,,,,,,,,,"29.7764817, -95.408338",,FALSE,FALSE,FALSE,FALSE,0,0,0
Good Eats Southern Cuisine,"10920 Almeda Rd Ste 600, Houston, TX 77045",8326685566,,Houston,Texas,77045,https://goodeatssoutherncuisine.com/,,29.6625753,-95.400786,GOOD,500,FALSE,"29.6625753, -95.400786",Southern restaurant (US),,,FALSE,,,,Free,,,,0,,,,,,,,,,"29.6625753, -95.400786",,FALSE,FALSE,FALSE,FALSE,0,0,0
Nu Cuts Hair Salon,"1406 Vermont St, Houston, TX 77006",7135247858,,Houston,Texas,77006,https://www.nucutsmontrose.com/,,29.7509129,-95.3976417,NUCU,500,FALSE,"29.7509129, -95.3976417",Beauty salon,,,FALSE,,,,Free,,,,0,,,,,,,,,,"29.7509129, -95.3976417",,FALSE,FALSE,FALSE,FALSE,0,0,0
"Studio9 Hair Artistry, LLC","363 N Sam Houston Pkwy E, Houston, TX 77060",,,Houston,Texas,77060,http://www.bookstudio9.com/,,29.9417429,-95.3969654,STUD,500,FALSE,"29.9417429, -95.3969654",Hair salon,,,FALSE,,,,Free,,,,0,,,,,,,,,,"29.9417429, -95.3969654",,FALSE,FALSE,FALSE,FALSE,0,0,0
JuiceLand,"1340 Westheimer Rd D, Houston, TX 77006",8324879914,,Houston,Texas,77006,http://juiceland.com/,"Health-minded chain serving juices, smoothies & hot drinks, plus noodle bowls & salads.",29.7435383,-95.3958523,JUIC,500,FALSE,"29.7435383, -95.3958523",Juice shop,,,FALSE,,,,Free,,,,0,,,,,,,,,,"29.7435383, -95.3958523",,FALSE,FALSE,FALSE,FALSE,0,0,0
Salon Rose,"1210 W Clay St Ste 19, Houston, TX 77019",7134856909,,Houston,Texas,77019,https://www.salonrose.co/?y_source=1_MjMwMTk3OTctNzE1LWxvY2F0aW9uLndlYnNpdGU%3D,,29.7560036,-95.3945441,SALO,500,FALSE,"29.7560036, -95.3945441",Hair salon,,,FALSE,,,,Free,,,,0,,,,,,,,,,"29.7560036, -95.3945441",,FALSE,FALSE,FALSE,FALSE,0,0,0
Touched By Mimi,"411 N Sam Houston Pkwy E Ste 380, Houston, TX 77060",8322337781,,Houston,Texas,77060,http://www.touchedbymimi.org/,,29.9399063,-95.3940369,TOUC,500,FALSE,"29.9399063, -95.3940369",Beauty salon,,,FALSE,,,,Free,,,,0,,,,,,,,,,"29.9399063, -95.3940369",,FALSE,FALSE,FALSE,FALSE,0,0,0
BEC Studio,"515 Westheimer Rd H, Houston, TX 77006",8327860541,,Houston,Texas,77006,http://www.becstudio.co/,,29.7441728,-95.3881649,BECS,500,FALSE,"29.7441728, -95.3881649",Hair salon,,,FALSE,,TRUE,FALSE,Free,3,FALSE,FALSE,0,,FALSE,FALSE,FALSE,basic,,,,FALSE,"29.7441728, -95.3881649",,FALSE,FALSE,FALSE,FALSE,0,0,0
ChòpnBlọk,"507 Westheimer Rd, Houston, TX 77006",8329624500,,Houston,Texas,77006,https://chopnblok.co/,,29.7442282,-95.387676,CHÒP,500,FALSE,"29.7442282, -95.387676",West African restaurant,,,FALSE,,TRUE,FALSE,Free,3,FALSE,FALSE,0,,FALSE,FALSE,FALSE,basic,,,,FALSE,"29.7442282, -95.387676",,FALSE,FALSE,FALSE,FALSE,0,0,0
QuikTrip,"3512 S Main St, Lindale, TX 75706",4302356156,,Lindale,Texas,75706,https://locations.quiktrip.com/tx/lindale/3512-s-main-st?utm_source=gmb&utm_medium=yext&y_source=1_MjA0NTk2ODMtNzE1LWxvY2F0aW9uLndlYnNpdGU%3D,"Convenience store chain supplying snacks, sandwiches & fountain drinks, plus gasoline.",32.469532,-95.387228,QUIK,500,FALSE,"32.469532, -95.387228",Gas station,,,FALSE,,,,Free,,,,0,,,,,,,,,,"32.469532, -95.387228",,FALSE,FALSE,FALSE,FALSE,0,0,0
Seven Degrees Natural Hair Salon,"4916 Main St Ste 110, Houston, TX 77002",7134293649,,Houston,Texas,77002,https://www.instagram.com/joydidit/,,29.7299154,-95.3869615,SEVE,500,FALSE,"29.7299154, -95.3869615",Hair salon,,,FALSE,,,,Free,,,,0,,,,,,,,,,"29.7299154, -95.3869615",,FALSE,FALSE,FALSE,FALSE,0,0,0
Mo' Brunch + Brews,"1201 Southmore Blvd, Houston, TX 77004",8327404297,,Houston,Texas,77004,http://www.mobrunchandbrews.com/,Lively vegan breakfast place & coffee shop featuring a selection of vinyl records.,29.7275656,-95.3853799,MO'B,500,FALSE,"29.7275656, -95.3853799",Vegan restaurant,,,FALSE,,,,Free,,,,0,,,,,,,,,,"29.7275656, -95.3853799",,FALSE,FALSE,FALSE,FALSE,0,0,0
Lucille's,"5512 La Branch St, Houston, TX 77004",7135682505,,Houston,Texas,77004,https://www.lucilleshouston.net/,"Modern takes on Southern classics by a classically trained chef served in a cozy, vintage house.",29.7238227,-95.3850641,LUCI,500,FALSE,"29.7238227, -95.3850641",Southern restaurant (US),,,FALSE,,,,Free,,,,0,,,,,,,,,,"29.7238227, -95.3850641",,FALSE,FALSE,FALSE,FALSE,0,0,0
BOOJEEHAIR LAS VEGAS,"4483 North Fwy, Houston, TX 77022",7025613776,,Houston,Texas,77022,http://boojeehair.com/,,29.8301756,-95.3837039,BOOJ,500,FALSE,"29.8301756, -95.3837039",Hair extensions supplier,,,FALSE,,FALSE,FALSE,Free,3,FALSE,FALSE,0,,FALSE,FALSE,FALSE,basic,,,,FALSE,"29.8301756, -95.3837039",,FALSE,FALSE,FALSE,FALSE,0,0,0
KHBEAUTY,"2204 Summer St Ste #118, Houston, TX 77007",8325890816,,Houston,Texas,77007,http://khbeautybridalartistry.com/,,29.7731429,-95.3809501,KHBE,500,FALSE,"29.7731429, -95.3809501",Make-up artist,,,FALSE,,,,Free,,,,0,,,,,,,,,,"29.7731429, -95.3809501",,FALSE,FALSE,FALSE,FALSE,0,0,0
Lost & Found,"160 W Gray St, Houston, TX 77019",8326493050,,Houston,Texas,77019,https://www.lostandfoundmidtown.com/,"Relaxed restaurant offering cocktails, brunch & mains, plus patio dining with views of downtown.",29.7534725,-95.3809497,LOST,500,FALSE,"29.7534725, -95.3809497",Bar & grill,,,FALSE,,,,Free,,,,0,,,,,,,,,,"29.7534725, -95.3809497",,FALSE,FALSE,FALSE,FALSE,0,0,0
Complete Beauty Bar,"5219 Almeda Rd, Houston, TX 77004",2816748610,,Houston,Texas,77004,http://www.completebeautybar.com/,,29.7223251,-95.3786295,COMP,500,FALSE,"29.7223251, -95.3786295",Hair salon,,,FALSE,,FALSE,FALSE,Free,3,FALSE,FALSE,0,,FALSE,FALSE,FALSE,basic,,,,FALSE,"29.7223251, -95.3786295",,FALSE,FALSE,FALSE,FALSE,0,0,0
Reggae Hut,"4814 Almeda Rd, Houston, TX 77004",7135207171,,Houston,Texas,77004,http://reggaehutcafe.com/,"Colorful, modern spot serving a mix of Caribbean dishes, such as meat-filled patties & jerk chicken.",29.7265415,-95.3776855,REGG,500,FALSE,"29.7265415, -95.3776855",Caribbean restaurant,,,FALSE,,,,Free,,,,0,,,,,,,,,,"29.7265415, -95.3776855",,FALSE,FALSE,FALSE,FALSE,0,0,0
Zayds Naturally Natural Hair Studio,"1711 Rosewood St, Houston, TX 77004",7135266162,,Houston,Texas,77004,https://www.zaydsthebrand.com/,"Colorful salon for natural hairstyles, including braiding, afro blowouts, extensions & weaves.",29.7296351,-95.3767751,ZAYD,500,FALSE,"29.7296351, -95.3767751",Hair salon,,,FALSE,,,,Free,,,,0,,,,,,,,,,"29.7296351, -95.3767751",,FALSE,FALSE,FALSE,FALSE,0,0,0
Our Little Red One Shop,"4213 Emancipation Ave, Houston, TX 77004",3462272298,,Houston,Texas,77004,http://www.ourlittleredoneshop.com/,,29.727606,-95.3701776,OURL,500,FALSE,"29.727606, -95.3701776",Metaphysical supply store,,,FALSE,,,,Free,,,,0,,,,,,,,,,"29.727606, -95.3701776",,FALSE,FALSE,FALSE,FALSE,0,0,0
Butter Funk Kitchen,"8511 Scott St Ste G, Houston, TX 77051",7134346102,,Houston,Texas,77051,https://butterfunkhtx.com/?utm_source=google,,29.6688957,-95.367897,BUTT,500,FALSE,"29.6688957, -95.367897",Soul food restaurant,,,FALSE,,FALSE,FALSE,Free,3,FALSE,FALSE,0,,FALSE,FALSE,FALSE,basic,,,,TRUE,"29.6688957, -95.367897",,FALSE,FALSE,FALSE,FALSE,0,0,0
The Way of Life Holistic Hair Haven,"2602 Isabella St Ste. A, Houston, TX 77004",8326288725,,Houston,Texas,77004,https://www.thewayoflifesalon.com/,,29.7280941,-95.3672385,WAYO,500,FALSE,"29.7280941, -95.3672385",Hair salon,,,FALSE,,,,Free,,,,0,,,,,,,,,,"29.7280941, -95.3672385",,FALSE,FALSE,FALSE,FALSE,0,0,0
ChòpnBlọk,"401 Franklin St, Houston, TX 77201",2816315009,,Houston,Texas,77201,https://chopnblok.co/,,29.7656588,-95.3656156,CHÒP,500,FALSE,"29.7656588, -95.3656156",West African restaurant,,,FALSE,,FALSE,FALSE,Free,3,FALSE,FALSE,0,,FALSE,FALSE,FALSE,basic,,,,TRUE,"29.7656588, -95.3656156",,FALSE,FALSE,FALSE,FALSE,0,0,0
Taste Kitchen + Bar,"420 Main St, Houston, TX 77002",7134855803,,Houston,Texas,77002,https://www.tastedowntownhtx.com/,Late-night chicken & waffles menu plus fusion Southern fare & cocktails served in a casual space.,29.7610459,-95.3621969,TAST,500,FALSE,"29.7610459, -95.3621969",Brunch restaurant,,,FALSE,,,,Free,,,,0,,,,,,,,,,"29.7610459, -95.3621969",,FALSE,FALSE,FALSE,FALSE,0,0,0
Buy Black Brown,"1301 Texas Ave, Houston, TX 77002",8325590421,,Houston,Texas,77002,,,29.7585433,-95.359579,BUYB,500,FALSE,"29.7585433, -95.359579",Business to business service,,,FALSE,,FALSE,FALSE,Free,3,FALSE,FALSE,0,,FALSE,FALSE,FALSE,basic,,,,TRUE,"29.7585433, -95.359579",,FALSE,FALSE,FALSE,FALSE,0,0,0
Kulture,"701 Avenida De Las Americas Ste A, Houston, TX 77010",7133579697,,Houston,Texas,77010,https://www.opentable.com/r/kulture-restaurant-houston?corrid=50fae509-4298-4dea-aa45-617d784e66a4&avt=eyJ2IjoyLCJtIjoxLCJwIjowLCJzIjowLCJuIjowfQ&p=2&sd=2023-11-16T19%3A00%3A00,"Bilevel Southern eatery with floor-to-ceiling windows, vintage furnishings & industrial-chic decor.",29.7545608,-95.3569276,KULT,500,FALSE,"29.7545608, -95.3569276",Restaurant,,,FALSE,,,,Free,,,,0,,,,,,,,,,"29.7545608, -95.3569276",,FALSE,FALSE,FALSE,FALSE,0,0,0
Trendz by Tammy Hair Salon,"3125 Rosalie St, Houston, TX 77004",7134400404,,Houston,Texas,77004,https://trendzbytammy.com/,,29.7315664,-95.3566771,TREN,500,FALSE,"29.7315664, -95.3566771",Hair salon,,,FALSE,,,,Free,,,,0,,,,,,,,,,"29.7315664, -95.3566771",,FALSE,FALSE,FALSE,FALSE,0,0,0
Gotti's Restaurant,"811 St Emanuel St, Houston, TX 77003",7134053500,,Houston,Texas,77003,https://www.gottis.com/,"Convivial hangout with a contemporary vibe serving shrimp, fried catfish, gumbo, and more.",29.752163,-95.3544173,GOTT,500,FALSE,"29.752163, -95.3544173",Cajun restaurant,,,FALSE,,,,Free,,,,0,,,,,,,,,,"29.752163, -95.3544173",,FALSE,FALSE,FALSE,FALSE,0,0,0
Texas de Brazil - Tyler,"2376 Dueling Oaks Dr #100, Tyler, TX 75703",9032318885,,Tyler,Texas,75703,https://texasdebrazil.com/locations/tyler/?utm_source=gmb&utm_medium=yext&y_source=1_NDg4MzA3MzMtNzE1LWxvY2F0aW9uLndlYnNpdGU%3D,Upscale Brazilian eatery featuring all-you-can-eat grilled meat carved tableside & a salad bar.,32.2646109,-95.3421357,TEXA,500,FALSE,"32.2646109, -95.3421357",Steak house,,,FALSE,,,,Free,,,,0,,,,,,,,,,"32.2646109, -95.3421357",,FALSE,FALSE,FALSE,FALSE,0,0,0
Rock-n-Headz Locs and more,"4915 Griggs Rd, Houston, TX 77021",7135856649,,Houston,Texas,77021,,,29.6997744,-95.3411752,ROCK,500,FALSE,"29.6997744, -95.3411752",Hair salon,,,FALSE,,,,Free,,,,0,,,,,,,,,,"29.6997744, -95.3411752",,FALSE,FALSE,FALSE,FALSE,0,0,0
SLT Hair Salon,"2810 Riverby Rd Ste 6-C, Houston, TX 77020",8323038622,,Houston,Texas,77020,https://slthairsalon.com/,,29.7627407,-95.3411367,SLTH,500,FALSE,"29.7627407, -95.3411367",Hair salon,,,FALSE,,,,Free,,,,0,,,,,,,,,,"29.7627407, -95.3411367",,FALSE,FALSE,FALSE,FALSE,0,0,0
Natural Resources Salon,"203 Roberts St, Houston, TX 77003",7135287102,,Houston,Texas,77003,http://www.naturalresourcessalon.com/,,29.7504381,-95.340706,NATU,500,FALSE,"29.7504381, -95.340706",Beauty salon,,,FALSE,,,,Free,,,,0,,,,,,,,,,"29.7504381, -95.340706",,FALSE,FALSE,FALSE,FALSE,0,0,0
The Prism Collective (Formerly Prism Beauty Bar),"2665 Park Ridge Drive, Tyler, TX 75703",,,Tyler,Texas,75703,http://www.theprismcollectivetx.com/,,32.2736526,-95.3405947,PRIS,500,FALSE,"32.2736526, -95.3405947",Hair salon,,,FALSE,,,,Free,,,,0,,,,,,,,,,"32.2736526, -95.3405947",,FALSE,FALSE,FALSE,FALSE,0,0,0
Heavenly Choices,"3810 Cavalcade St, Houston, TX 77026",3462995608,,Houston,Texas,77026,,,29.7999129,-95.3329919,HEAV,500,FALSE,"29.7999129, -95.3329919",Soul food restaurant,,,FALSE,,,,Free,,,,0,,,,,,,,,,"29.7999129, -95.3329919",,FALSE,FALSE,FALSE,FALSE,0,0,0
Gawsy Hair Salon and Spa,"5782 Bellfort Ave, Houston, TX 77033",2817093327,,Houston,Texas,77033,http://www.styleseat.com/emilysthairapy,,29.6661155,-95.3329816,GAWS,500,FALSE,"29.6661155, -95.3329816",Beauty salon,,,FALSE,,,,Free,,,,0,,,,,,,,,,"29.6661155, -95.3329816",,FALSE,FALSE,FALSE,FALSE,0,0,0
Shrine of The Black Madonna Cultural and Event Center,"5309 Martin Luther King Blvd, Houston, TX 77021",8324081071,,Houston,Texas,77021,https://www.thebuyblackmarketplace.com/,,29.7026816,-95.3329391,SHRI,500,FALSE,"29.7026816, -95.3329391",Event venue,,,FALSE,,,,Free,,,,0,,,,,,,,,,"29.7026816, -95.3329391",,FALSE,FALSE,FALSE,FALSE,0,0,0
"The Back Nine Golf | Tyler, TX","2467 Crow Rd Ste 200 & 300, Tyler, TX 75703",9032514653,,Tyler,Texas,75703,https://thebackninegolf.com/tylersouthtx/,,32.2868618,-95.3307639,BACK,500,FALSE,"32.2868618, -95.3307639",Indoor golf course,,,FALSE,,,,Free,,,,0,,,,,,,,,,"32.2868618, -95.3307639",,FALSE,FALSE,FALSE,FALSE,0,0,0
Southern Hairitage & Co.,"444 S Dr M Roper Pkwy, Bullard, TX 75757",9037102222,,Bullard,Texas,75757,,,32.1330198,-95.3087904,SOUT,500,FALSE,"32.1330198, -95.3087904",Hair salon,,,FALSE,,,,Free,,,,0,,,,,,,,,,"32.1330198, -95.3087904",,FALSE,FALSE,FALSE,FALSE,0,0,0
Slim Chickens,"7925 S Broadway Ave #100, Tyler, TX 75703",9035617546,,Tyler,Texas,75703,https://slimchickens.com/?utm_source=google&utm_medium=organic&utm_campaign=gmb,"Counter-serve chain specializing in chicken dishes, plus Southern sides & desserts served in jars.",32.261449,-95.3083086,SLIM,500,FALSE,"32.261449, -95.3083086",Chicken restaurant,,,FALSE,,,,Free,,,,0,,,,,,,,,,"32.261449, -95.3083086",,FALSE,FALSE,FALSE,FALSE,0,0,0
Supercuts,"6721 S Broadway Ave, Tyler, TX 75703",9035094242,,Tyler,Texas,75703,https://www.supercuts.com/locations/nearme/haircut/tx/tyler/6721-s-broadway-ave/80445,,32.2757076,-95.3074186,SUPE,500,FALSE,"32.2757076, -95.3074186",Hair salon,,,FALSE,,,,Free,,,,0,,,,,,,,,,"32.2757076, -95.3074186",,FALSE,FALSE,FALSE,FALSE,0,0,0
Shear Decadence Hair Salon @ La Vita Bella,"4855 Old Bullard Rd Ste 201, Tyler, TX 75703",9032459878,,Tyler,Texas,75703,https://michaelrisher.glossgenius.com/,,32.2967761,-95.3060146,SHEA,500,FALSE,"32.2967761, -95.3060146",Hair salon,,,FALSE,,,,Free,,,,0,,,,,,,,,,"32.2967761, -95.3060146",,FALSE,FALSE,FALSE,FALSE,0,0,0
Texas WebCoders,"5221 S Broadway Ave, Tyler, TX 75703",9032226022,,Tyler,Texas,75703,https://texaswebcoders.com/,,32.2920617,-95.3032391,TEXA,500,FALSE,"32.2920617, -95.3032391",Software company,,,FALSE,,,,Free,,,,0,,,,,,,,,,"32.2920617, -95.3032391",,FALSE,FALSE,FALSE,FALSE,0,0,0
Mae Dayzz Studio,"3400 S Broadway Ave Ste 206, Tyler, TX 75701",8456070050,,Tyler,Texas,75701,https://maedayzz.glossgenius.com/,,32.3115265,-95.3000001,MAED,500,FALSE,"32.3115265, -95.3000001",Hair salon,,,FALSE,,,,Free,,,,0,,,,,,,,,,"32.3115265, -95.3000001",,FALSE,FALSE,FALSE,FALSE,0,0,0
Salon Mirage and Med Spa,"3400 S Broadway Ave Ste 206, Tyler, TX 75703",9036304444,,Tyler,Texas,75703,,,32.3115265,-95.3000001,SALO,500,FALSE,"32.3115265, -95.3000001",Beauty salon,,,FALSE,,,,Free,,,,0,,,,,,,,,,"32.3115265, -95.3000001",,FALSE,FALSE,FALSE,FALSE,0,0,0
The Big Tease,"809 S Main St, Winnsboro, TX 75494",9039754224,,Winnsboro,Texas,75494,,,32.9481572,-95.294549,BIGT,500,FALSE,"32.9481572, -95.294549",Hair salon,,,FALSE,,,,Free,,,,0,,,,,,,,,,"32.9481572, -95.294549",,FALSE,FALSE,FALSE,FALSE,0,0,0
Tropical Smoothie Cafe,"20045 Northpark Dr Ste 200, Kingwood, TX 77339",2819738442,,Kingwood,Texas,77339,https://locations.tropicalsmoothiecafe.com/tx/kingwood/20045-northpark-dr?y_source=1_MTc3Mzk2NTktNzE1LWxvY2F0aW9uLndlYnNpdGU%3D,"Health-conscious cafe chain featuring a menu of custom smoothies, sandwiches & wraps.",30.069609,-95.252268,TROP,500,FALSE,"30.069609, -95.252268",Restaurant,,,FALSE,,,,Free,,,,0,,,,,,,,,,"30.069609, -95.252268",,FALSE,FALSE,FALSE,FALSE,0,0,0
United States Postal Service,"9898 Almeda Genoa Rd, Houston, TX 77075",8002758777,,Houston,Texas,77075,https://tools.usps.com/locations/details/1387931?utm_source=google-my-business-url&utm_medium=search&utm_campaign=yext,,29.6267855,-95.2422043,UNIT,500,FALSE,"29.6267855, -95.2422043",Post office,,,FALSE,,,,Free,,,,0,,,,,,,,,,"29.6267855, -95.2422043",,FALSE,FALSE,FALSE,FALSE,0,0,0
Kenya Nicole and the Business Builders,"1000 S Main St, Houston, TX 77002",2818103169,,Houston,Texas,77002,http://www.kenyabuildme.com/,,29.7258879,-95.2402103,KENY,500,FALSE,"29.7258879, -95.2402103",Business management consultant,,,FALSE,,,,Free,,,,0,,,,,,,,,,"29.7258879, -95.2402103",,FALSE,FALSE,FALSE,FALSE,0,0,0
Hair By Sela,"400 W Parkwood Ave #104, Friendswood, TX 77546",2819009960,,Friendswood,Texas,77546,,,29.5080892,-95.1917898,HAIR,500,FALSE,"29.5080892, -95.1917898",Hair salon,,,FALSE,,,,Free,,,,0,,,,,,,,,,"29.5080892, -95.1917898",,FALSE,FALSE,FALSE,FALSE,0,0,0
Souper Salad,"5822 Fairmont Pkwy, Pasadena, TX 77505",2819915645,,Pasadena,Texas,77505,https://locations.soupersalad.com/ll/US/TX/Pasadena/5822-fairmont-parkway/?ll/US/TX/Lewisville/2404-S_-Stemmons-Freeway=,"Buffet-style chain highlighting soups, salads & loaded baked potatoes in a utilitarian setting.",29.64895,-95.1521561,SOUP,500,FALSE,"29.64895, -95.1521561",Salad shop,,,FALSE,,,,Free,,,,0,,,,,,,,,,"29.64895, -95.1521561",,FALSE,FALSE,FALSE,FALSE,0,0,0
Visible Changes (inside Baybrook Mall),"500 Baybrook Mall Ste 1328, Friendswood, TX 77546",2814869642,,Friendswood,Texas,77546,http://visiblechanges.com/,,29.5427012,-95.148474,VISI,500,FALSE,"29.5427012, -95.148474",Hair salon,,,FALSE,,,,Free,,,,0,,,,,,,,,,"29.5427012, -95.148474",,FALSE,FALSE,FALSE,FALSE,0,0,0
Deiner's Deep Cutz On The Go,"17000 El Camino Real Ste 301B, Houston, TX 77058",2819847707,,Houston,Texas,77058,https://square.site/book/1FCP409JETM78/deiners-deep-cutz-on-the-go-houston-tx,,29.5528247,-95.1185752,DEIN,500,FALSE,"29.5528247, -95.1185752",Hair salon,,,FALSE,,,,Free,,,,0,,,,,,,,,,"29.5528247, -95.1185752",,FALSE,FALSE,FALSE,FALSE,0,0,0
Riot Salon,"225 E Nasa Pkwy Ste B, Webster, TX 77598",2819429485,,Webster,Texas,77598,http://www.riotsalon.com/,,29.5389195,-95.1171215,RIOT,500,FALSE,"29.5389195, -95.1171215",Hair salon,,,FALSE,,,,Free,,,,0,,,,,,,,,,"29.5389195, -95.1171215",,FALSE,FALSE,FALSE,FALSE,0,0,0
The Lavish Luxe Collection,"17300 El Camino Real #110-B, Houston, TX 77058",8324318466,,Houston,Texas,77058,https://www.styleseat.com/m/v/kaiyahoward,,29.55082,-95.1142396,LAVI,500,FALSE,"29.55082, -95.1142396",Hair salon,,,FALSE,,,,Free,,,,0,,,,,,,,,,"29.55082, -95.1142396",,FALSE,FALSE,FALSE,FALSE,0,0,0
DoubleDave's Pizzaworks,"2500 Marina Bay Dr Ste A, League City, TX 77573",2815496491,,League City,Texas,77573,https://www.doubledavespizzaworks.com/,Chain counter-serve pizzeria known for its Peproni Rolls & make-your-own pizzas.,29.5327446,-95.0709891,DOUB,500,FALSE,"29.5327446, -95.0709891",Pizza restaurant,,,FALSE,,,,Free,,,,0,,,,,,,,,,"29.5327446, -95.0709891",,FALSE,FALSE,FALSE,FALSE,0,0,0
Ranch Hand Cafe,"24626 TX-321, Cleveland, TX 77327",2815922545,,Cleveland,Texas,77327,https://ranchhandcafe.shop/,"Known for its hearty portions, this Southern eatery dishes up comfort fare in a snug, homey setting.",30.320758,-95.023413,RANC,500,FALSE,"30.320758, -95.023413",American restaurant,,,FALSE,,,,Free,,,,0,,,,,,,,,,"30.320758, -95.023413",,FALSE,FALSE,FALSE,FALSE,0,0,0
P. B.C. Tax & Financial Services Inc,"313 TX-146, Baytown, TX 77520",2818375367,,Baytown,Texas,77520,http://www.pumabusinesscreation.com/,,29.7378563,-94.9937973,P.B.,500,FALSE,"29.7378563, -94.9937973",Business development service,,,FALSE,,,,Free,,,,0,,,,,,,,,,"29.7378563, -94.9937973",,FALSE,FALSE,FALSE,FALSE,0,0,0
NoBody’s T&K Pop up Grill and Cafe /LaTonya Smok'D Soul Food Kitchen BBQ Hole in D Wall Catering,"186 N Mill St, Gladewater, TX 75647",9034180223,,Gladewater,Texas,75647,,,32.5333065,-94.9402456,NOBO,500,FALSE,"32.5333065, -94.9402456",Barbecue restaurant,,,FALSE,,,,Free,,,,0,,,,,,,,,,"32.5333065, -94.9402456",,FALSE,FALSE,FALSE,FALSE,0,0,0
Old Moon Deli,"408 23Rd St, Galveston, TX 77550",4094974446,,Galveston,Texas,77550,http://oldmoondeliandpies.com/,,29.3052162,-94.7935982,OLDM,500,FALSE,"29.3052162, -94.7935982",Deli,,,FALSE,,,,Free,,,,0,,,,,,,,,,"29.3052162, -94.7935982",,FALSE,FALSE,FALSE,FALSE,0,0,0
Drug Emporium Longview,"2321 W Loop 281 # A, Longview, TX 75604",9032970966,,Longview,Texas,75604,https://www.drugemporiuminc.com/stores/longview-tx/,,32.5167582,-94.7922196,DRUG,500,FALSE,"32.5167582, -94.7922196",Grocery store,,,FALSE,,,,Free,,,,0,,,,,,,,,,"32.5167582, -94.7922196",,FALSE,FALSE,FALSE,FALSE,0,0,0
Cotton Patch Cafe,"420 Us-79, Henderson, TX 75652",9036571414,,Henderson,Texas,75652,https://cottonpatch.com/locations/tx/henderson/420-highway-79-south,Family-friendly Texas-born chain dishing up hearty Southwestern recipes made from scratch.,32.1483468,-94.7886775,COTT,500,FALSE,"32.1483468, -94.7886775",Restaurant,,,FALSE,,FALSE,FALSE,Free,3,FALSE,FALSE,0,,FALSE,FALSE,FALSE,basic,,,,TRUE,"32.1483468, -94.7886775",,FALSE,FALSE,FALSE,FALSE,0,0,0
The Butcher Shop & Bakery,"102 Lehigh St, Longview, TX 75601",9037586066,,Longview,Texas,75601,https://www.butchershopbakery.com/,"Quaint restaurant, bakery & market offering breakfast fare, custom cakes & deli meats.",32.5051874,-94.7504975,BUTC,500,FALSE,"32.5051874, -94.7504975",Bakery,,,FALSE,,,,Free,,,,0,,,,,,,,,,"32.5051874, -94.7504975",,FALSE,FALSE,FALSE,FALSE,0,0,0
Black and White Tax Services,"1817 S High St, Longview, TX 75602",9037029447,,Longview,Texas,75602,,,32.4709303,-94.74208,BLAC,500,FALSE,"32.4709303, -94.74208",Tax preparation,,,FALSE,,FALSE,FALSE,Free,3,FALSE,FALSE,0,,FALSE,FALSE,FALSE,basic,,,,TRUE,"32.4709303, -94.74208",,FALSE,FALSE,FALSE,FALSE,0,0,0
Nanny Goat's Cafe & Feed Bin,"1401 Judson Rd, Longview, TX 75601",9036534801,,Longview,Texas,75601,http://www.nannygoatscafe.com/,"American bistro crafting casual eats for breakfast, lunch & dinner in a cool, industrial-chic space.",32.515959,-94.7406765,NANN,500,FALSE,"32.515959, -94.7406765",Restaurant,,,FALSE,,,,Free,,,,0,,,,,,,,,,"32.515959, -94.7406765",,FALSE,FALSE,FALSE,FALSE,0,0,0
Onyx Salon,"444 N Fredonia St, Longview, TX 75601",9037208738,,Longview,Texas,75601,https://www.onyxthesalon.com/,,32.5000626,-94.7367887,ONYX,500,FALSE,"32.5000626, -94.7367887",Hair salon,,,FALSE,,,,Free,,,,0,,,,,,,,,,"32.5000626, -94.7367887",,FALSE,FALSE,FALSE,FALSE,0,0,0
East Texas Better Business Caucus (ETXBBC),"3122 Nealy Wy Ste. 143, Longview, TX 75605",8005493761,,Longview,Texas,75605,,,32.5386556,-94.7194792,EAST,500,FALSE,"32.5386556, -94.7194792",Business to business service,,,FALSE,,,,Free,,,,0,,,,,,,,,,"32.5386556, -94.7194792",,FALSE,FALSE,FALSE,FALSE,0,0,0
East Texas Innovation Center (ETX),"109 Washington St, Beckville, TX 75631",8173828475,,Beckville,Texas,75631,http://www.etxinnovation.com/,,32.2429409,-94.4563613,EAST,500,FALSE,"32.2429409, -94.4563613",Consultant,,,FALSE,,,,Free,,,,0,,,,,,,,,,"32.2429409, -94.4563613",,FALSE,FALSE,FALSE,FALSE,0,0,0
Elisha's Food For The Soul,"404 Forest Terrace, Marshall, TX 75670",9036862015,,Marshall,Texas,75670,https://www.elishasfoodforthesoul.com/,,32.5278585,-94.3719299,ELIS,500,FALSE,"32.5278585, -94.3719299",Restaurant,,,FALSE,,,,Free,,,,0,,,,,,,,,,"32.5278585, -94.3719299",,FALSE,FALSE,FALSE,FALSE,0,0,0
"Bowie-Cass Electric Cooperative , Inc","117 North St, Douglassville, TX 75560",9038462311,,Douglassville,Texas,75560,http://www.bcec.com/,,33.1934652,-94.3542933,BOWI,500,FALSE,"33.1934652, -94.3542933",Electric utility company,,,FALSE,,FALSE,FALSE,Free,3,FALSE,FALSE,0,,FALSE,FALSE,FALSE,basic,,,,TRUE,"33.1934652, -94.3542933",,FALSE,FALSE,FALSE,FALSE,0,0,0
"Pat's Craft & Accessories, LLC - Boutique Veteran Owned Business","613 E Sabine St, Carthage, TX 75633",4252130362,,Carthage,Texas,75633,,,32.1580364,-94.3296036,PAT',500,FALSE,"32.1580364, -94.3296036",Handbags shop,,,FALSE,,,,Free,,,,0,,,,,,,,,,"32.1580364, -94.3296036",,FALSE,FALSE,FALSE,FALSE,0,0,0
Xpress Cuts Salon,"Next Door To Dollar Tree, Richmond Square Shopping Center, 2700 Richmond Rd Ste #5, Texarkana, TX 75503",9038316598,,Texarkana,Texas,75503,http://xpresscuts.salon/,,33.4601531,-94.0895547,XPRE,500,FALSE,"33.4601531, -94.0895547",Hair salon,,,FALSE,,,,Free,,,,0,,,,,,,,,,"33.4601531, -94.0895547",,FALSE,FALSE,FALSE,FALSE,0,0,0
Firehouse Subs Kennedy Lane,"3213 Kennedy Ln, Texarkana, TX 75503",9038312372,,Texarkana,Texas,75503,https://www.firehousesubs.com/,"Counter-serve sandwich chain offering made-to-order hot & cold subs, plus a variety of hot sauces.",33.45337,-94.07869,FIRE,500,FALSE,"33.45337, -94.07869",Sandwich shop,,,FALSE,,,,Free,,,,0,,,,,,,,,,"33.45337, -94.07869",,FALSE,FALSE,FALSE,FALSE,0,0,0
BLUE WATER BAYOU WING MASTERS | Soul Food,"720 Texas Blvd, Texarkana, TX 75501",9038095600,,Texarkana,Texas,75501,https://bluewaterbayou.top/,,33.4260443,-94.0479468,BLUE,500,FALSE,"33.4260443, -94.0479468",Restaurant,,,FALSE,,FALSE,FALSE,Free,3,FALSE,FALSE,0,,FALSE,FALSE,FALSE,basic,,,,TRUE,"33.4260443, -94.0479468",,FALSE,FALSE,FALSE,FALSE,0,0,0
Amarillo AREA BLACK CHAMBER OF COMMERCE,"900 N Hughes St, Amarillo, TX 79107",8064102600,,Amarillo,Texas,79107,http://aabcc.org/,,35.2232208,-101.8383669,AMAR,500,FALSE,"35.2232208, -101.8383669",Chamber of Commerce,,,FALSE,,FALSE,FALSE,Free,3,FALSE,FALSE,0,,FALSE,FALSE,FALSE,basic,,,,TRUE,"35.2232208, -101.8383669",,FALSE,FALSE,FALSE,FALSE,0,0,0
A Vibe Called Hair - Houston Walk in Hair Salon offering Extensions & Silk Press,"5202 Cedar St, Bellaire, TX 77401",8324879854,,Bellaire,Texas,77401,https://booking.mangomint.com/avibecalledhair1,,29.707214,-95.4706950,AVIB,500,FALSE,"29.707214, -95.4706950",Hair salon,,,FALSE,,FALSE,FALSE,Free,3,FALSE,FALSE,0,,FALSE,FALSE,FALSE,basic,,,,FALSE,"29.707214, -95.4706950",,FALSE,FALSE,FALSE,FALSE,0,0,0
24 Hour Fitness,"12553 Westheimer Rd, Houston, TX 77077",2814931874,,Houston,Texas,77077,https://www.24hourfitness.com/gyms/houston-tx/dairy-ashford-sport?Adb_id=GGL_LOC_ACQ_CDP,,29.7341821,-95.6045559,24HO,500,FALSE,"29.7341821, -95.6045559",Gym,,,FALSE,,FALSE,FALSE,Free,3,FALSE,FALSE,0,,FALSE,FALSE,FALSE,basic,,,,TRUE,"29.7341821, -95.6045559",,FALSE,FALSE,FALSE,FALSE,0,0,0
Spirits Heart Childcare Center,,2106087953,spiritsheart.est2010@gmail.com,Converse,Texas,78109,,Child Day Care Services In Provider'S Own Home,29.4549,-98.4231649,SPIR,500,FALSE,"29.4549, -98.4231649",Daycare center,,Angelalatina Keesha-Renee Childress,FALSE,,,,Free,,,,0,,,,,,,,,,"29.4549, -98.4231649",,FALSE,FALSE,FALSE,FALSE,0,0,0
"SMR Security Services, LLC",,2103934510,sishrimp@icloud.com,San Antonio,Texas,78244,,Guard And Patrol Security Services,29.5241,-98.3475253,SMRS,500,FALSE,"29.5241, -98.3475253",Environmental Consulting Services,,Sishman Rimpson,FALSE,,,,Free,,,,0,,,,,,,,,,"29.5241, -98.3475253",,FALSE,FALSE,FALSE,FALSE,0,0,0
"Williams Tunneling Industries, Inc.",,8328891468,williams_edison@yahoo.com,San Antonio,Texas,78259,www.wiltun.com,"Service, Easement, Sewer Tunnels, Shafts, And Drainage Tunnels",29.421865,-98.4554371,WILL,500,FALSE,"29.421865, -98.4554371",Environmental Consulting Services,,Edison Williams,FALSE,,,,Free,,,,0,,,,,,,,,,"29.421865, -98.4554371",,FALSE,FALSE,FALSE,FALSE,0,0,0
"Wilson Consultants Alliance Group, LLC",,2106022368,fwilsonb2814@att.net,San Antonio,Texas,78258,,Administrative Management And General Management Consulting Services,29.6428,-98.4554371,WILS,500,FALSE,"29.6428, -98.4554371",Consultant,,Floyd Wilson,FALSE,,,,Free,,,,0,,,,,,,,,,"29.6428, -98.4554371",,FALSE,FALSE,FALSE,FALSE,0,0,0
Gwendolen Wilder Author,,2105197801,info@gwendolenwilderauthor.com,San Antonio,Texas,78251,www.gwendolenwilderauthor.com,"Self-Management Individual Self-Awareness Training. Business Management-Training Dispute Prevention, Team Building. Books- Fiction, Non-Fiction, Journals Magazine, Actions Promotional Products- Music, Videos, Clothing, Etc.",29.361528,-98.7371077,GWEN,500,FALSE,"29.361528, -98.7371077",Health Care Services,,Gwendolen Wilder,FALSE,,,,Free,,,,0,,,,,,,,,,"29.361528, -98.7371077",,FALSE,FALSE,FALSE,FALSE,0,0,0
Smith's Sanitation Services,,2106874716,smithsanitation@gmail.com,San Antonio,Texas,78233,,"Janitorial Services,  Carpet And Upholstery Cleaning Services, Automotive Detail Shops",29.4121516,-98.4124976,SMIT,500,FALSE,"29.4121516, -98.4124976",BBQ restaurant,,Trent Smith,FALSE,,,,Free,,,,0,,,,,,,,,,"29.4121516, -98.4124976",,FALSE,FALSE,FALSE,FALSE,0,0,0
"Sol Studio Architects, LLC",,2102408864,alston@solstudioarchitects.us,San Antonio,Texas,78215,http://www.solstudioarchitects.us,Architectural Services; ,-98.4124976,-98.4831627,SOLS,500,FALSE,"-98.4124976, -98.4831627",Health Care Services,,Alonzo Alston,FALSE,,,,Free,,,,0,,,,,,,,,,"-98.4124976, -98.4831627",,FALSE,FALSE,FALSE,FALSE,0,0,0
"EJ Smith Construction Company, LLC",,2102254601,ewalker@ejsmithind.com,San Antonio,Texas,78208,http://www.ejsmithind.com,"Commercial And Institutional Building Construction (Pt) Highway, Street, And Bridge Construction (Pt); Poured Concrete Foundation And Structure Contractors; Structural Steel And Precast Concrete Contractors;",-98.4897258,-98.4897258,EJSM,500,FALSE,"-98.4897258, -98.4897258",Janitorial Services,,Eugene Walker,FALSE,,,,Free,,,,0,,,,,,,,,,"-98.4897258, -98.4897258",,FALSE,FALSE,FALSE,FALSE,0,0,0
"R. Smith Consulting & Design, LLC",,2409881445,rs@ryanesmith.com,Live Oak,Texas,78233,ryanesmith.com,"Interior Decorating Services Along With Consultations, Furniture Refinishing And Design, Home Staging And Sourcing Of Items For Customers.",29.5539561,29.5311267,RSM,500,FALSE,"29.5539561, 29.5311267",Construction Services,,Ryane Smith,FALSE,,,,Free,,,,0,,,,,,,,,,"29.5539561, 29.5311267",,FALSE,FALSE,FALSE,FALSE,0,0,0
Sparkling Clean House Cleaning Source,,2104206699,sparklinclean.ew@gmail.com,San Antonio,Texas,78254,,"Provide Training And Educational Workshops And Seminars To Teach Creative Tools, Techniques And Systems To Have A Clean And Healthy Home.",-98.5446864,-98.30757611,SPAR,500,FALSE,"-98.5446864, -98.30757611",Cleaning Services,,Ethel G Wallace,FALSE,,,,Free,,,,0,,,,,,,,,,"-98.5446864, -98.30757611",,FALSE,FALSE,FALSE,FALSE,0,0,0
Digital Information Security Solutions,,2109015895,mmoyosore@digissllc.com,San Antonio,Texas,78232,https://www.digissllc.com,Custom Computer Programming Services And Other Computer Related Services.,29.6291582,-98.6291582,DIGI,500,FALSE,"29.6291582, -98.6291582",Security Services,,Mobolaji Emmanuel Moyosoce,FALSE,,,,Free,,,,0,,,,,,,,,,"29.6291582, -98.6291582",,FALSE,FALSE,FALSE,FALSE,0,0,0
"Rylet Industries, LLC",,8554795385,epowell@rylet.com,San Antonio,Texas,78205,http://https://www.rylet.com,,29.421865,-98.6291582,RYLE,500,FALSE,"29.421865, -98.6291582",Business Consulting Services,,Eric Powell,FALSE,,,,Free,,,,0,,,,,,,,,,"29.421865, -98.6291582",,FALSE,FALSE,FALSE,FALSE,0,0,0
"Techesive, LLC",,8006825850,sales@techesive.com,San Antonio,Texas,78253,http://www.techesive.com,"We Provide It Professional Services Including, But Not Limited To: Enterprise Application Integration, Software/Hardware Architecture And Engineering, And Secure Content/Records Systems Management.",29.4182991,-98.4231649,TECH,500,FALSE,"29.4182991, -98.4231649",Office Supplies Wholesaler,,Kevin Weiss,FALSE,,,,Free,,,,0,,,,,,,,,,"29.4182991, -98.4231649",,FALSE,FALSE,FALSE,FALSE,0,0,0
"The Big Bib, LLC",,2106548400,info@thebigbib.com,San Antonio,Texas,78218,www.thebigbib.com,"Bbq Restaurant - Dine In, Carry Out And Catering",29.4182991,-98.4231649,BIGB,500,FALSE,"29.4182991, -98.4231649",Office Supplies Wholesaler,,Stanley Shropshire,FALSE,,,,Free,,,,0,,,,,,,,,,"29.4182991, -98.4231649",,FALSE,FALSE,FALSE,FALSE,0,0,0